name,score,time,comment
丁凯乐,5,2019-07-16 13:43:25,实名反对最赞说烂片的评论这是人类无法逃脱的真香定律看完觉得不值票钱可以来快乐星球砍我
嘟嘟熊之父,5,2019-07-13 17:17:05,卧槽居然看哭了这才是货真价实的国漫新希望终于不再是假大空的中国风堆砌而开始借神话寓言塑造真正的小人物背负原罪的出身命中注定的死期对存在的笃定和身份的动摇竟指向刺客聂隐娘的内核一个人没有同类完整的世界观构建父子母子师徒兄弟友敌每一段关系都处理的有血有肉全无敷衍美术剪辑配乐动作设计处处都是亮点就连喜剧部分也绝非装疯卖傻而存在无数细节作为支撑海边夕阳踢毽和社稷图虚幻仙境两部分堪称绝美段落飞驰想象力和一流制作实力的结合值得一刷再刷严格说是四星电影但愿意加满五星狂推鼓励
凹凸,4,2019-07-18 21:38:41,邓超救不起这暑期档哪吒可以
凌睿,4,2019-07-18 13:53:20,看到海报和预告片人们第一反应就是哪吒太丑了觉得丑就对了因为本片讲的就是打破偏见正如很多人一看这是国漫就不看了或者去看了看了觉得还不错也要自动先扣20分电影之中骂哪吒是政治正确只要你说哪吒是妖怪就会有人跟着说电影之外骂国产片国漫也成了政治正确只要你骂它就会有人给你点赞其实哪吒不是妖怪他也想降妖除魔洗清骂名国漫也不都是烂片也有人想拍一部佳作证明自己比如这部哪吒山河社稷图一幕真是天马行空震撼无比将曾经只存在于想象中的物品具象化也将中国神话的无穷想象力展现得淋漓尽致那些耳熟能详的故事不再只是故事而是能看到能听到能享受一场视觉盛宴今年有哪吒明年有姜子牙封神电影宇宙即将开启是时候以电影的形式让中国文化走向世界了
天马星,5,2019-07-14 18:12:22,年度最佳动画不年度最佳影片剧作上的成熟应该让同档期的狮子王跪下来叫爸爸起承转合水到渠成且饱含情感力量这种成熟度不管是在动画这种形式里还是脱离动画都值得所有国产商业电影学习整部影片看下来在形式上非常现代化包括笑点台词都贴近现代网络化的生活是谓形散但是影片把握住了哪吒这个神话人物的内在精神我命由我不由天并且自始至终都贯彻下去是谓神不散包括反派敖丙及申公豹都人物弧光饱满在非我族类其心必异的人类世界里哪吒之魔童降世是为所有异类书写的颂歌这部片子就如同蔡依林在金曲奖上说的献给那些曾经认为自己没有任何机会与选择的你请你一定要记得选择你自己支持你自己
亵渎电影,4,2019-07-13 23:20:07,技术上还是当下国产动画电影的水准但在剧作的完成度上却是第一次这么成熟这么优秀以前大圣大鱼或者白蛇这些剧本有先天缺陷的庸常之辈都被称作是国产动画电影的良心之作直到这部哪吒才算是做到了剧本层面上的优秀兼顾了喜剧元素和主题深度还为之后的封神宇宙开了一个好头大家以后可以忘掉大圣了导演把哪吒的故事做了颠覆性的改编逆天改命的主题在哪吒身上爆发了耀眼的人物弧光最后哪吒直接对着电影院里的观众说今天是我生日宴你们谁都不准哭这一刻的泪点实在是太可怕了第一次给国产动画做自来水在这个萧条的暑期档这部肯定会是爆款
谢谢你们的鱼,5,2019-07-17 21:22:38,牛逼牛逼牛逼4年前翻着白眼看完了大圣归来4年后热泪盈眶地看完这部哪吒之魔童降世没想到2019不仅仅是中国科幻大片元年本片更是和白蛇缘起一块儿创造了国产动漫作品前所未有的高潮扎实的故事生动的角色饱满的情绪炸裂的场面这一切都构成了110分钟云霄飞车式的畅快淋漓的观影体验表面上是哪吒的传奇骨子里面是绝代双骄悟空传毁天灭地的逆天气势更是燃破天际好一曲震撼人心的冰与火之歌都给老子去看
帕拉,2,2019-07-17 22:33:08,这种段子堆成的对白恕不是我的审美
居无间,5,2019-07-13 20:52:13,牛逼了没想到国产动画能把故事内核写得这么成熟远超大圣归来好几场戏被震撼到必须五星鼓励了将水淹陈塘关的故事元素打碎了重构人设和剧情完全依照阴阳哲学来做太极生两仪混元珠分为魔丸火和灵珠水太乙真人与申公豹哪吒与敖丙皆是一体双生命运的偏离带来了秩序的倒错于是善与恶的边界变得越加复杂起来耐人寻味每个主要角色都带着宿命感向死而生阴阳相合打破命运哪吒形象很颠覆华语电影里也是难得一见最重要的反叛精神立住了导演想击打全龄观众而那些嬉笑段落在关键时刻也催生出了悲情让人泪目高潮部分的场面戏够燃够磅礴而且情绪饱满以后再出国产动画都将和它比较
阿珂,4,2019-07-19 11:38:43,这个夏天还有比藕饼cp更火的吗
徐若风,4,2019-07-18 21:23:14,客观上的确是目前国产三维动画中的最佳和年初的白蛇一道富足想象力之下的经典魔改在人物情节和视听呈现上都冲着一股劲不夸张地说这部作品在今年全球范围动画中比都可以排到最前列但还是有些遗憾双生的概念没有做得更加复杂深刻部分低俗笑料虽有趣但跳线可能是我期待太高了
明安,4,2019-07-28 22:05:56,所有龙把鳞片扣下来的时候我真的感觉敖丙压力太大了我们全村可就指望你一个人去考大学了啊一定要上清华啊就算把其他报清华的人都杀掉你也一定要考上啊
掉线,4,2019-07-18 22:55:23,B这才叫真正的国漫崛起美术制作人物塑造立意都比大圣归来更好最重要的是你真的能感觉到创作者不故步自封的力求突破也终于在国漫里看到了一直缺少的想象力存在虽然只是在场景物件设定上这些较为基础的部分但未必不是个好的开始缺点是整体风格略显杂糅笑点像港式无厘头战斗场面像日漫有的地方又有仙侠和好莱坞动画的影子但最后个效果居然不错而且对于仍处于摸索阶段的国产动画来说这完全能理解另外一个动画片的父子情都比隔壁银河补习班更真实动人邓超和俞白眉请出来挨打
影志,5,2019-07-14 21:19:36,不成功变成仁神仙的自我修养申公公内服外敷效果都一样的解药前面快笑死指点江山笔英气的敖丙猪鼻子倒带器中间各种神来之笔人心的偏见是座大山你是谁只有你自己才说了算父母面前的生离死别结尾又被感动得一把老泪老妈的性格更立体老爸李靖对哪吒说你的真实身份其实是时生怕他说出个蛋这是这部毫不正经却又硬气热血至死的片子能干出来的事集丧逼和燃于一身在哪吒面前没人帅的起来锁定今年最佳国产动画
使君子,5,2019-07-19 11:37:10,休说苍天不由人我命由我不由天新的故事改编的很不错啊就是有点短友情提醒观影记得带纸巾
煽情破坏者,5,2019-07-14 20:33:33,神话故事新编以一种不令人悲伤的方式来讲述悲伤的哪吒童年丰富多元充满想象力画面包含幽默热血感人和人生观点的剧情还有安排得当的叙事节奏结尾处高潮更是一波接一波让观众又是激动万分又是感动落泪实在令人佩服这就是一部优秀的动画电影
二十二岛主,4,2019-07-19 11:03:49,戏说不是胡说改编不是乱编把太乙真人设计成和肥猪作伴哪吒和敖丙还能成为朋友如果按照六老师的逻辑这部电影的主创团队是要向本国人民谢罪的但你不能否认它确实足够好看而且并没有脱离封神演义中哪吒故事的框架只是在几个重要的情节点上进行了富有现代意义和人情味的改编很有创新颠覆精神电影中几乎每一个角色都能够立得住尤其是围绕哪吒的觉醒亲情友情都进行了合理且动人的铺垫可以说这三条线每一条单独拎出来想做好都不容易而做好了汇聚起来释放出的力量真的就是又感动又燃本质还是想探讨人定胜天的问题成佛成魔全在一念之间最重要的还是做自己这可比某些鸡汤说教的要容易接受的多小包袱很多但有的实在过于低俗放屁梗熊gay梗那些让人看着实在不舒服总体瑕不掩瑜值得一个好成绩的鼓励
桃桃林林,4,2019-07-26 16:29:58,7分制作确实非常突出尤其是夕阳下踢毽子和变身两场戏印象深刻这也说明华语动画只要真是踏踏实实下来做苦功夫还是能出佳作的剧情相比老版做了很多革新包括新增的父子情这个见仁见智吧主题则是神魔我做主我命由我不由天的中二少年感放到现在倒是挺燃的哪吒变身之后也是大加分跟敖丙的兄弟情也是相当新时代趣味了希望每一部用心制作的华语动画都能有好的成绩吧不过个人还是觉得大圣更好些所以刚刚还专门给大圣改了分这样才公平些都好都好都加油都加油
法兰西胶片,4,2019-07-13 17:30:17,85分逆天之作大家可以给大圣归来改分了
阿德,5,2019-07-19 12:24:01,暑期档到目前为止最好看的一部真正打动我的不是哪吒的人设而是找回了久违的看港片喜剧的快感
字母君,3,2019-07-14 01:57:27,讽刺的是尽管角色口口声声说着做自己我命由己不由天最害人的是成见电影却依然一直在用对肥胖结巴娘娘腔等各色缺陷产生的成见制造无价值且一点都不好笑的笑料
时间之葬,3,2019-07-14 16:39:20,又一次高举国产动画良心的大旗之前我好奇的是我们的良心动画为什么非得加入那些尴尬又低级的网络段子式笑料难道非得把自己打扮成一半臃肿粗鄙一半热血激昂的割裂模样才足以迎合主流观众的口味吗
蚂蚁没问题,2,2019-07-19 20:35:50,各种方言结巴放屁烧裤裆的梗还有什么指纹解锁游乐场之类的舔当代科技所有笑点都能在半分钟之前预知弱智当好笑最不能接受的是把主题又变成什么不信命之类的俗套那句泛中国地区最中二病没有之一的我命由我不由天出来的时候我饭都要呕出来本来我们已经很没有反抗父权的人物了硕果仅存的哪吒也要变成这样削骨还父割肉还母完全没有爹妈爱我父慈子孝让人忍不住竖中指行吧父母皆祸害小组关了李靖也洗白白了我服了还不行吗我信命了好吧
王大根,3,2019-07-20 19:29:51,2019年哪吒都成家庭教育成功典范了就算你是魔童转世奔着毁天灭地来的只要家里有钱有权有天命妈妈爱你爸爸把命都给你再顶级名师1V1封闭式教育不愁养不出一个精英来金吒木吒抱头痛哭这个家里没有我们的位置敖丙是真可怜啊背负了整个家族的不甘心一人给片鳞好比读大学前村里每家每户给抓把小米可走到城里人家一看你头上的角就知道底细了纵使哪天真能修炼成仙身后还林林总总一大串亲戚呢可敖丙能成仙吗不被社会生吞活剥扒皮抽筋就不错了吧
哪吒男,4,2019-07-19 21:40:56,谢谢把我拍的这么好
姨妈的鸭,4,2019-07-20 16:53:55,一切都很好但是哪吒我想我看过更好的
42,2,2019-07-17 21:13:34,这不叫难看这叫什么剧情低幼主题无趣想法无聊笑点基本都是八百年前的唯独制作不错但一枝独秀有什么用如果这片是国漫之光那国漫也算病入膏肓了
荔枝超人,3,2019-07-17 21:42:12,第一不觉得好笑第二配音出戏第三又一部银河补习班讲完你们骂吧
孤语独行,1,2019-07-16 22:09:44,哪吒这个形象真的是毁童年很多人都说这部代表着国漫崛起请问此种好莱坞式的动漫能代表中国文化嘛
Kouros,3,2019-07-19 22:24:12,李靖到底是为了什么做揭穿敖丙身份这样损人不利己的事
孔鲤,4,2019-07-14 17:10:56,点映看完了不剧透地说除了哪吒和他娘的人物关系外这部电影把传统的哪吒故事里人物关系都改变了哪吒和李靖哪吒和太乙哪吒和敖丙等等因为有这些关系要重新做所以这些人物的设定才和传统的不一样整部电影本身严格按照商业片的形式几个情感转折的节点都掐准了时间不夸张地说如果这个系列电影要做下去的话还有之前的大圣之后的姜子牙等大圣归来和魔童降世在这个系列的地位相当于这个系列的钢铁侠01和美国队长01但前提是一定要做下去
君思故乡明,1,2019-07-19 15:04:41,大圣归来火了之后国产片开始不停的翻拍同类型作品孙悟空哪吒都制作出来美名其曰国漫崛起其实还是没有自己的创意评论里各种吹爆吹爆吹爆的一看就是没有看过大闹天宫和哪吒闹海这两部动画片的就算看过也肯定没有了解幕后花絮不知道当年这两部动画做的是有多用心如今这么好莱坞化的哪吒还配是中国的哪吒所以吹爆你妈呢求求你闭嘴吧要吹爆还真轮不到你知道弟弟两个字怎么写吗按照这趋势预测下一步要翻拍黑猫警长宝莲灯之类的了
方枪枪,4,2019-07-13 17:48:47,童年时期最难忘的一个画面就是哪吒自刎这么多年过去了又看到了一个看起来丑爆丑爆的哪吒故事在原作基础上做了颠覆性改编面子上不必多说里子中关于父爱的感动自我认知的成长世俗偏见的以及反叛意识都值得称道还有很多现代化元素的融合也别有趣味自来水安利去看就对了
风林火山,5,2019-07-19 16:22:30,这个分数偏低了在哪吒闹海诞生40年后迎来的又一部哪吒作品真香
卢舍那,3,2019-07-21 08:12:52,就大家对国产未免也太宽容
咸鱼日常,2,2019-07-20 14:05:52,这两年每当国产动画出来一部时必定打着什么崛起之光顶峰之类的称号控制舆论势力打造良心口碑自来水造势白蛇如此这部也如此每每如此必遭反噬豆瓣88分的概念是多大国产的宝莲灯80日本今敏的红辣椒88欧美的蜘蛛侠平行宇宙86coco也只是9088分的概念等同于基本秒杀所有的动画电影可以进影史前十的那种配吗别说套路像火影人物像鸣人核心依旧是俗套的我命由我不由天你是哪吒还是悟空前半段无聊至极后期人物崩塌一众平民样板化就靠造势的捆绑卖腐营销也真的让人反感魔童降世是真哪吒是假如果说我能按照国产动画标准给他打3星是正常的话国漫这种过度吹捧模式就会反噬掉一星
萨嘎摩多熊猫桑,2,2019-07-21 21:13:21,国产动画发展了这么多年似乎是越来越不明白技术它就不是这个行当里最根本的东西不明白作品里塞再多大而空的感情也无法真正打动人古往今来反父权反愚孝的动画人物有几个这么一个难能可贵的形象还给毁了改得面目全非为什么还要继续叫哪吒就是叫王小明也完全没问题至于笑点永远低俗而不自知片里翻来覆去地嘲笑结巴胖子和娘娘腔有意思吗做动画的各位是大人了都这样子还指望我们的动画教出什么样的小孩
Cycble,5,2019-07-13 17:46:17,1人心中的成见是一座大山但我命由我不由天是魔是仙我是谁只有我自己说了算2哪吒和熬丙的打斗是魔丸和灵珠的左右互搏更是善与恶的现身说法人性本善本恶并不重要重要的是你习得的教育是什么你要成为什么样的人3今天是我的生日宴你们谁都不准哭哭成狗了好吗4东北天后夏岗丽本色出演的群演太好笑了哈哈哈哈哈5和是他是他就是他的小哪吒完全是两个故事了不是毁三观而是打开了封神榜新世界的大门改编的太好了这个夏天绝对要爆爆爆啊6想了好久这部电影的问题是什么大概是改了哪咤自刎割肉还母削骨还父的悲剧内核
frozenmoon,4,2019-07-26 16:13:23,人不过就是半神半魔的造物这故事按照这个路子衍生整体非常工整技术让人赞叹自大圣归来到哪吒这条从中国神话拿改素材的动画之路被证明是最经济实惠的这里面其实有着另外可以深化的内容就是几个角色的象征哪吒像个为民请命的知识分子但被庸众看作妖怪他的叛逆不被理解和尊重龙王是个归顺的反叛者但被招安并不代表被信任他的下场故事里讲得很清楚而敖丙是甩脱出身帽子的唯一机会而最终这个年轻人和哪吒那个反叛者合二为一成为一个被大众颔首的理中客这到底是成熟还是悲哀呢只不过这个方向肯定不会被明确提点想想有点悲哀动画片的形式让这类作品成为了我们电影中最可能表达一些别样内容的容器但也因为形式那些表达最终被掩埋在搞笑和特效之中
木卫二,4,2019-07-23 16:39:17,承认期待不高看得有些意外我不是哪吒迷而更接近封神迷实为情怀的那种玩意所以看到片方想要铺封神宇宙无论成败总归是有人在做这么一步并且这一步作为起点是恰如其分的不存在哪吒就应该是代表刻画什么精神之类的说法动画片也不是低幼倾向的文化产品性格转变过快密集迎合观众笑点之类的缺陷有不少但来日可期可以再打磨
乌鸦火堂,4,2019-07-19 12:29:48,这才是暑期电影应该有的样子不闹海的哪吒是文本与技术双成熟的华语动画故事流畅角色生动虽然魔改但整体路线还是以脍炙人口的大闹陈塘关故事为基础且更符合当下文化价值观感体验与大圣归来很像笑料与热血并举设定方面除了哪吒三件套外山河社稷图混元珠等设定都是源自封神的噱头也有小云云结界兄弟等可爱的原创角色只可惜结尾大战意犹未尽不算过瘾至于画面嘛制作水平早就不是华语动画的掣肘了这部更是有着美观造型和时髦特效的视觉大餐
一棵无聊的树,3,2019-07-19 11:43:54,全程冷漠脸我太讨厌熊孩子了尤其是这么丑破坏力还这么强的还有给小孩配不屑御姐音让我感到不适
野蒜,3,2019-07-17 20:52:24,偏低幼向剧情含量比大圣归来要多但观感没有超越大圣顶多比肩白蛇有些影评人拿它踩大圣我亮点在于重写了敖丙和哪吒的关系正邪一体反宿命论龙宫和万鳞甲的设定我很喜欢但为了故事革新削肉还母削骨还父的经典场面没了最后的终极大战也没有燃到新境界人物台词融入一些现代化的笑点确实更搞笑但我出戏很多次奇幻题材的沉浸感很重要太乙真人从外形到配音都像pdd哪吒的傲娇御姐音什么鬼炒cp可真好卖神话英雄在不同时代被不同创作者赋予不同的涵义你以为它是骨其实它是壳朋友说你不能否认魔童它很当下所以大圣归来不讲大闹天宫哪吒也不讲闹海自刎是时代的反骨逆鳞被拔除了我们都是龙宫里的老龙
深夜声咽,5,2019-07-14 17:33:52,火然意思是要火的样子比大圣厉害多了冰与火不虐让再长大点再来虐吧先美好童年先从头笑到彩蛋踢毽子感人丑萌喜欢坐等好影院屏幕二刷3D记得带上眼镜儿火火个小哪吒吧
曼彻斯特的雪,5,2019-07-20 21:22:26,比白蛇缘起更成熟国漫又进步了又燃又有内核打戏画面人物表情人物性格的塑造和心理建设都堪称完美是魔是仙我自己说了才算我命由我不由天若命运不公就和它斗到底天生倔强打破成见这就是哪吒
DieKatze,1,2019-07-20 12:04:46,老版可是提倡自由意志的
承阿生,1,2019-07-19 22:36:03,以为是混世魔王结果是缺爱小瘪三坏又坏不起来人设单薄配音除了申公豹没有一个不出戏的剧情陈旧梗又不好笑觉得是一部不入格的跟风网络这几年的痛点留守儿童的父母之罪校园bully致郁社会judge成性之作最后我命由我不由天确定不是九几年穿越过来的idea观后感应了片尾曲其中一句在期待后失望完全没有新意敖丙的爹的细节值得赢取一颗星但影视书讲究的是整体而不是一个华丽的手
LOOK,2,2019-07-21 22:01:14,远远不如小时候看的哪吒闹海来得撼人心魄传统中国各类文本动人的都是关于人伦的张力哪吒是骨肉还给父母修得至纯至净莲花身本作改得不伦不类不中不西对抗个人命运很是大而无当人物造型笑料桥段迪士尼香港无厘头电脑游戏借用不少意思却不大迎合的心态永远弄不成一流的商业片25
千秋指白头,1,2019-07-21 02:44:10,不是做的不好不是不用心恰恰相反我一看到宣传的第二天就去观影了本人对哪吒这个人物的感情区别于其他所有的动漫人物我从小爱读封神演义自诩为是看着神的故事长大的人哪吒最重要象征着对父权挑战忤逆的精神在这部动画里面被阉割的干干净净太乙真人永远站在哪吒这边无原则帮他对抗父母原则天庭做好身后事的仙风道骨之人被丑化成一个骑着猪说着四川话的胖子先说明我不歧视胖子我自己就是胖子但这里的太乙分明就是丑角如果说cp是哪吒和太乙我愿意嗑太乙之于哪吒那比秦五爷对依萍还要好啊要星星不给月亮你只管干出了事我给你兜在这个电影里他仿佛一个丑陋搞笑的班主任罢了至于敖丙呵呵一个被哪吒随手打死的富二代有什么资格和他组cp总的来说对于本片我并不失望我只是愤怒
刘小流,5,2019-07-13 19:12:00,看到顶着黑眼圈要吃人肉的哪吒出来感觉就全对了大家都知道颠覆好看可多数颠覆改编问题在于颠覆之后又要束手束脚到最后干脆成了反颠覆本片中成了魔童的哪吒到最后同样没办法颠覆到底但本片优秀在角色的转变遵循着最质朴的感情线它是哪吒在人群中艰难的自我认知也是哪吒父子的若即若离它完全像极了多数父子关系模式中的对抗理解与守护让哪吒只是想不怂地活出个人样便也不用到最后对人群不会消散的偏见选择性装瞎更不用去印证百姓值得守护这气质真不多见
theemo,2,2019-07-18 15:52:09,还行十五岁以下的可以看看
张小北,5,2019-07-28 00:10:19,这是导演的动画长片处女作啊
吉尔伽美什,5,2019-07-19 21:14:42,说烂片预订那大叔动漫非得拍给小孩看你不接受设定别代表大家还有哪吒啥货色但绝不是你想的那种设定好好多读书再回去好好琢磨下封神观后吹爆这片今年最佳国漫
寒枝雀静,4,2019-07-18 21:56:37,C相比被盛赞的剧本反倒是视觉形象的建构比较出乎我意料莲火毽子鳞片红莲的意象联结贯穿了全片自细微琐屑至宏大奇观完成了完整回环而又颇具想象力的体系剧本其实有点过于依赖孩童人设一方面助益了影片暗黑而又诙谐的混搭基调另一方面也遮蔽了部分剧作上的仓促甚至让人物的成长显得不够充分比如控制的习得只是如此简单的事情吗导演对叙事时间的理解可能有些粗糙连高潮戏一条线到一半时间停顿切到另一条线这样破坏节奏的小瑕疵都好几处至于大量不合时宜的笑料让它们融入叙事的办法只有一个就是添加让这些异类同样受到压抑的细节而不是大大落落地丢包袱
吃货乌贼娘,2,2019-07-19 15:29:41,丑魔童就得是丧尸脸吗
小时候可牛B了,2,2019-07-19 16:49:25,专属中国的另类超级英雄吧故事改编太大我一般无法接受我的原则是这么喜欢改编为什么不自己原创一个剧本说到底还是剧本不够硬想蹭别人的ip
初悴,2,2019-07-19 12:03:28,感觉无论从美术还是配乐都和白蛇缘起与大鱼海棠差远了那个太乙真人肥头猪脑还一股子方言味儿结局还是经典的中国式动漫强行大团圆结局故事情节不算差但表现的真的很低龄化很多人吹说它是目前国漫的巅峰我觉得太过了太过了不配真的
LORENZO洛伦佐,4,2019-07-27 00:28:14,几个小缺点娘炮那个梗用得有点太多了后面就烦了结尾大战有些拖沓段子堆得有些太密集了导致最后情绪有点破碎其他都很好比大圣好可能是这几年最好的国产动画李靖太可以了吧
三藏法师,1,2019-07-25 18:08:08,现在上映一部国产动画就是神作个个都是神作
Clio,3,2019-07-21 22:12:15,陈塘关的百姓跪谢哪吒的时候没有意识到要是没哪吒和敖丙这俩小兔崽子它陈塘关也万万不会遭此大劫
摩羯座的猫,1,2019-07-19 22:35:29,没有哪吒的灵性更像是红孩儿叛逆我不喜欢段子的台词我也不喜欢国漫强大的宣传认真讲故事没做到这就不是好的电影包袱太多实质太少光线出品一贯宣传手法刷好的口碑补贴首日票房
地平线的旧火车,2,2019-07-21 14:51:05,国产动画区真是最分裂的一个区很多人一边叫着动漫不是低幼作品一边为片子里的低幼笑话鼓掌哪咤这个形象看你想怎么塑造是反抗封建礼教的悲剧英雄还是奉行封建礼教才能带来好果的教材导演看来选了后者
danyboy,4,2019-07-28 01:13:54,刨去了哪吒自杀还父的情节就抽去了哪吒故事的灵魂我只能说这是另一个故事我只能说这个新的关于青春期的故事讲的不错舞美画工形象设计都好但这是一部拍给80后的电影为人父母的80后很爱看吧养过利维坦式宝宝的80后很爱看吧熟悉周星驰式喜剧的80后很爱看吧把自己代入到李靖夫妇而非哪吒和敖丙的80后们很爱看吧你们一定很爱看因为你们已经不再是曾经那个哪吒而是守着工资的总兵咯一言以蔽之这不是哪吒的故事但不妨碍是另一个讲的还算不错的故事片尾曲的歌也不错值得票价就是我全程到目前都醉着
你大豪爷,5,2019-07-23 22:33:21,哪吒就是那种看完了刷评论压根不会点开差评去读的片子一定要看IMAX
非相君,3,2019-07-18 22:04:11,一部神话片笑点还靠屎尿屁来撑可气的是我还笑了经典的哪吒是一个反抗权威和父权的形象这部把李靖塑造成一个有爱的父亲于是一部俄狄浦斯式的神话变成一个友善的童话哪吒多会变化术一些笑点是靠变化术制造乾坤圈变成一个类似金箍的限制性法器恭喜你们把哪吒变成第二个悟空
轻点蟹黄鱼有味,3,2019-07-20 11:49:11,1笑点太尬尴尬的方言尴尬的人物设定尴尬的屎尿屁2故事内核老套又是所谓的逆天改命在孙悟空那里用得太多了已经完全没感染力3强行煽情的时候更加尴尬原版中的冤与报复的张力几乎没有了4这个哪吒的形象设计几乎是唯一的亮点加上有些想象和画面特效不错最多三分吧
欢乐分裂,4,2019-07-19 21:30:13,35较多低幼欢脱段子集合的表象并不能掩盖其悲剧的本质越往后越动人在改编原著的基础上文本大刀阔斧地改变走向奉献了一个在国产动画中难得一见具有邪气的魅力角色取下乾坤圈变身一刻堪称全片高光碾压帅气敖丙善与恶水与火在充满偏见定论的二元世界这两个承载了命运错弄的少年最终以我不信命的信念发出天问完满开启封神宇宙十分期待了申公豹和龙族的命运也非常具有意味深长的寓意并为丰富主题的完成提供富含信息量的支线提供
HooChao,1,2019-07-14 15:38:40,戾气太重受不了3头身变身5头身接受不了不建议未成年人看
蒜BOYA,5,2019-07-17 21:56:21,这个夏天一定会爆以大家对大圣大鱼和白蛇的热情这部国漫在完成度上圆满完成期待第一次有了看好莱坞动画的流畅感和毫无尿点以及满满泪点实在太不容易了这次的剧本创作节奏把握主题升华人物设定视觉特效巧妙笑点皆弥补之前的种种短板毫不夸张的说是一部集大成之作期待暑期档刷爆豆瓣和朋友圈
大u,4,2019-07-29 22:08:07,一出生就有黑眼圈的孩子肯定不简单
耿直的减肥少年,2,2019-07-21 11:47:27,现在看来中国会讲故事的导演和编剧一只手都能数的过来中国电影行业现在就是一具大型的行尸走肉一只没有灵魂的资产怪兽
后自愈,4,2019-07-18 23:12:50,中国动画缺的不是技术是故事和讲好故事的能力在故事的完成度之余还有一定的深度最难能可贵的是哪吒是个反传统的英雄他天生反骨叛逆又肩负重任他是不被认同的异类在戏谑的打发愁苦之后迎来最终的爆发切切实实的感动李靖也一直教育儿子哪吒不要在意他人的眼光要做自己想做的人不要轻言放弃包括在生日宴上对儿子说的一番话一个不善言辞却一直包容理解儿子的父亲形象就油然而生了要说教育和父子情吊打隔壁银河补习班
五色全味,3,2019-07-14 19:21:04,很主流的商I赢把反抗父噔枘娴襟@世俗的哪吒形象用父子情友情追求自我@些主流主}消解了反抗父嘧成了父子情深在是配合煽情打Y奇^雒嫦《巫臃浅Ｍㄋ]什N深度至少适Я四倪高@角色本有的深度但u作和沸远疾诲e大u
马掰掰,3,2019-07-23 11:12:52,前几天看完群情高涨不敢评论故事很不喜欢哪吒在这里面就是我最讨厌的死小孩真不是老百姓偏见怎么把帽子往老百姓头上扣呢敖丙很惨塑造这么个另类的龙族最后还是让他暴走来成全哪吒的人设恶臭十二金仙为什么要给太乙真人明明就是组织里的蛀虫如果真要说偏见那应该是对灵珠和魔丸的偏见元始天尊大傻逼就对了这个故事真的瞎改狗屁不通
南悠一,3,2019-07-24 19:14:31,国产动画两大负面特征台词特别会喊口号一句深刻的也没有噪音杂乱但视觉中心喜欢偏移至于这一部的问题还有笑点让人出戏改编尤其乏力动机不够清晰情节带水拖泥中国人一般不相信人的行为和立场之间会有必然关系当他们设计人物行为时并不会去考虑人物立场是否一致当他们看电影时同样也不会从影像本身判断创作动机
西帕克,4,2019-07-17 22:02:07,哪吒的削骨还父削肉还母被简化成父爱让他找到自我原本故事中的反抗父权也成了对抗世人的眼光他的魔性可能像是科学怪人把小女孩扔入水中只是因为对事物认知的体系不同甚至屠龙的原罪也被略过成了又一部绝代双骄这样的叛逆更加通俗也更加安全也是另一种时代精神吧
孤舟蓑笠翁,1,2019-07-21 06:22:05,这个设定一看就是抄的好兆头预告图片中有一张让小哪吒拉开对方裤子拿手电筒照成年男人的隐私部位这不是恋童癖这一部国产动画太吓人了宣扬形而下的三观还买榜买推荐呵呵好兆头今年5月30号上映抄袭好兆头有小朋友给我发私信抗议解释一下好兆头他妈的有原作GoodOmensGoodOmens作者TerryPratchettNeilGaiman出版社TRANSWORLD出版年19915页数416定价9500元装帧PaperbackISBN9780552137034
路西法尔,2,2019-07-27 21:23:13,一个典型的伪古典主义故事正适合真正古典已经死去的时代所谓正义不过是天庭把持的一套话语而实际上已经没有人再信仰天庭的至高权威龙族对天庭政策已腹诽千年哪吒的悲剧完全源于一个失败的预言和一连串僵化的行政命令但没有人试图修正体制所有人都在帮助天庭秩序自动化运行然后试图偷偷挖点墙角剧中的角色除了一个小朋友几乎没有任何人能向他人打开边界这种片受到时代的欢迎正所谓斯人有斯疾也
曼仔,3,2019-07-27 00:56:27,看完心情有点复杂只能说是雷点萌点兼具吧不是我喜欢的那一款但能看出来质感很好好的地方当然是制作确实是国漫标杆甚至叙事部分也不差是比较娴熟的类型片叙事但我最不满意的地方恰恰就是很多人觉得燃的地方这个片子里的哪吒和传统的哪吒闹海最大的区别就是不再有那种六亲不认的反叛性了而这恰恰是我觉得哪吒这个角色最吸引我的地方是对父权最为彻底最为决绝的反抗甚至比石头里蹦出来的孙悟空还要六亲不认是以自己的血肉之躯为代价获得彻底的自由挣脱一切爱与伦理的锁链但新版哪吒所谓的我命由我不由天完全是另一个故事是网文式的逆天改命好好活不抛弃不放弃做有意义的事原版哪吒是野生摇滚新版哪吒是摇滚人参加中国摇滚三十年研讨会
四万八千岁,2,2019-07-19 19:39:22,配音好出戏反正看20分钟就不想看了
花盆,3,2019-07-20 22:28:17,大型神话人物同人电影没有了削肉还父剔骨还母的情节哪吒这个人物形象的精神内核就没有了他本身可以算是一个悲剧形象承载了对父权社会的反抗改后只保有对他人偏见的反抗而且哪吒悲壮赴死本来是虽然你们都讨厌我但我一人做事一人当不拖累你们现在成了我爸原来这么爱我我不能让他替我死中二倔强少年成了良心发现的孝顺儿子还算是哪吒吗整体完成效果比较好结尾有些烂尾比如村民怎么突然就意识到自己的错误了最让我意难平的是大圣归来后我等了三年结果等来的还是一个大圣
走走走,2,2019-07-21 01:58:52,两分全给技术在内容上无法接受父慈子孝的哪吒
荞麦,3,2019-07-26 13:43:43,挺好看的除了不是哪吒之外
风间隼,2,2019-07-29 10:02:01,应该叫哪吒之真巨婴传中二没毛病自恋到油腻的程度就不好玩了
大奇特Grinch,4,2019-07-30 18:30:54,哪吒和敖丙其实就是小鱼儿与花无缺魔丸和灵珠算一体两面的双胞胎不同成长环境造就了不同的性格一个是恶人谷魔星一个是移花宫传人小鱼儿不恶花无缺却被恶人迷了心智最后被设计打个你死我活
胤祥,3,2019-07-28 18:06:55,网游感还是很强不过还是能看的整体而言哪吒的故事被包裹在一个破坏性巨大的熊孩子叙事里面同时又有着让人不太舒服的血统论和对规训性力量的崇拜父之名父之法真的好重要啊啊啊所以这个故事讲的是哪吒还是猴哥啊另一方面看最近十年的超级英雄电影真的起到了很大的示范性作用中国故事的想象力也因此被封闭了这么来看今何在的悟空传的意义其实是被低估了比起这个来可能还是大鱼海棠更解决问题
蒲末释,2,2019-07-23 11:36:24,台词为了搞笑所以要屎屁尿故事为了完整二元对立善恶不分一锅炖主题为了鲜明直接来一个反转告诉大家熊孩子只要碰到一个比他更惨的人他就能马上吼出我命由我不由天这不是踩着别人的伤痛把做的恶全都掩盖再来还原事情的起因爸爸和我踢一次毽子
Paco,3,2019-07-18 21:41:36,35真纯粹虽然文本完全不是想象中的高级向但不认命这个基本点在情绪释放上真是合理又张扬放低一秒防线眼眶就红了技术上丰富度流畅度双高也基本跟得上想象力但质感依旧有欠剧本前松后紧在节奏和笑点设置上都有刻意之处但整体已相当圆熟多主题驾驭得当去二元化也成效显著对神话元素更深入更有机的结合野心已然初俱完全超越大圣归来没任何疑问作为后起如果能把投机又扭捏的银河补习班狠狠爆掉那也算这个暑期档唯一能给的安慰了
DR邬梦雨,3,2019-07-14 22:23:21,前半段略无聊的笑点太用力咯吱观众远逊于后半段哪吒天生悲情的催泪作用让人触动人物设计上主要人物还算有趣但次要角色非常呆板配乐有各种影子特别是终结者表演程式化哪吒从咬母亲的手到温顺的变化对比风之谷小动物咬伤娜乌西卡的段落差距巨大小朋友设陷阱和回放段落重复动作显得乏味影片过度迷恋动作戏想靠密集的快速打斗提高影片节奏反而将情节停滞对愚民的讽刺一开始似乎很有意思但后面百姓接受哪吒的场景太一致没有任何迟疑让歉意显得虚假也把前面对庸众的批判消解了但总的来说本片是一部合格的娱乐爆米花电影只是79年的哪吒闹海可不只是这么简单的作品那是对十年浩劫的控诉哪吒替天行道粉碎四条兴风作浪的龙却还要自刎将血肉还给父辈不连累父辈那种大时代的悲剧能量是核弹级的
扭腰客,3,2019-07-26 23:25:52,技术上确实是国产动画新高度但故事依然如那颗混元珠一样魔丸和灵丸厮杀交错始终未能浑然一体回望哪吒闹海还是老一辈动画人把握住了悲剧的精髓不必硬蹭什么港式无厘头或美式皮克斯因为哪吒本身就催人泪下
恶魔的步调,4,2019-07-17 22:42:39,用周星驰的元素做中国式的幻想喜剧3DCG动画电影这样的模板确实是个可复刻的方向
山风执诗,2,2019-07-20 10:52:48,717拼凑感命题老套强行搞笑魔改太过
西楼尘,3,2019-08-01 10:20:00,李靖为哪吒贴上换命符愿以薄命相抵天劫龙王为敖丙披上万麟甲欲以仇恨水淹陈塘魔丸改变不了人族的偏见灵珠拯救不了龙族的自由黄金百战穿麟甲不破陈塘终不还海滩边他们惺惺相惜混元珠转世投胎不过是天神的谎言生而背负部族业障万千恶孽他们始终囚禁在偏见的囹圄自由的结界
关山,3,2019-07-20 00:51:28,角色们什么时候能好好说话刻意强加的低幼的网络笑料不仅有损故事的流畅度还增加了违和感
把噗,4,2019-07-26 21:17:45,徐克周星驰精准复刻
谋杀游戏机,4,2019-07-13 15:15:45,光线点映冷不防看第一支预告确实有点挑战审美不过看完就会完全爱上这个古灵精怪的混世小魔王是当下流行的丧燃款外表邪魅狂狷烟熏妆内心是个单纯善良的小孩好面子装酷很可爱饺子是学医的一点点自学成动画导演了不起制片人说这片并没有花很多钱请不起一流特效公司就找了一堆二流三流小公司磕了好几年画面比大圣精细前半段笑点密集哪吒无敌破坏王状态四个人追逐打斗长镜头很精彩密码指纹解锁坐骑放映机猪山河社稷图指点江山笔三维弹球有很想象力父爱母爱师恩和基友敖丙亦敌亦友等人物关系也都刻画得比较充分哪吒要拍成三部曲明年还有姜子牙非常期待上古版复联了
shininglove,3,2019-08-03 17:01:42,被主流归化向父权低头年轻人在动画片里找到了发泄戾气的机会莫名的愤怒无声的呐喊被冠以做自己的名义
柯里昂,3,2019-07-20 18:37:08,这是瞄准了封神这个大ip吗虽然不知道乌尔善那个系列最后会做成什么样但在真人版接连碰壁后用动画的方式呈现也算是借坡下驴了就国内来讲观众对基于ip改编的动画的包容度要大大高于原创动画电影而在真人电影这块情况则几乎是完全相反的嗯不过对于我个人来讲除了封神里的元素背景角色等外这片里加的其他所有原创元素都不太对味以及给哪吒他妈配音的真不是张小斐吗为啥一出场就自带欢乐喜剧人效果
陆支羽,4,2019-07-18 21:55:03,剧作上的确比大圣归来更成熟但似乎还是少了点真正让人惊艳的时刻尽管气势上没有输
camus,4,2019-07-28 19:53:40,中国的商业动画片已经甩开商业电影几百条街
57,3,2019-07-27 22:54:03,观感很一般又是技术环节走在前面故事情感和风格层面都明显用力过猛每个人物都有油嘴滑舌之嫌完全不纯真绝对支持近来改编动画的风潮这种形式对权力关系可能会有更自由更彻底的反省但是挺遗憾的现在看到的至多是反应出我们对权力的潜意识几乎所有的人物动机都是外在的都活在别人的眼里完全没有内在的力量都是权力的囚徒不是真正的叛逆完全不觉得燃只有深深的沮丧
Spiegel,4,2019-07-19 22:39:30,印象中哪吒作为被压抑的个体的神话叙事在这里被改编成为更具当代感觉结构的成长叙事替创作者言说着拒绝被定义的主张魔丸转世的哪吒被限制在儿童的身体里时只是爱捣蛋的小孩长大后才有摧毁世界的力量但最终被引导这种设定体现着人们对于恶的认知凭借教养可以纠正及其转变善与或恶在这里不再是本能或摹仿mimesis哪吒不再是通过献祭仪式替代暴力的受害者victimhood他不由谁来定义某种程度上已经成为了欲望机器结尾一幕他向观众投来凝视非常自信
纳兰风澈,5,2019-07-19 13:54:46,很像1970年之后的中国威胁论魔童89年联合国制裁关到死2001入世腾飞当妖怪给他们瞧瞧和2018年的中美贸易摩擦华为事件若命运不公斗到底2019最强国漫没有之一
VDunham,2,2019-07-26 19:57:43,诸多魔幻法规下的畸形怪胎正邪二元对立抹杀可能性轻视个体的成长挣扎人定胜天沦为口号式煽情无意解决身份焦虑孝道成为催泪手段都在以为你好的名义拒绝沟通笑点一半靠屎尿屁一半靠对肥胖猪神娘炮大汉等刻板印象的调侃蛮有代入感我们都是这样长大的但跳脱出来只剩身心不适
文森Vincent,2,2019-07-27 15:56:29,这片子有丝毫细节可言吗
大聪看电影,5,2019-07-28 20:41:10,无疑这是今年暑期唯一的爆款黑马哪吒和敖丙的友谊努力过彼此成就过此情有憾然无对错往后各生欢喜哪吒和父母之间同行半路一别两宽余生漫漫依然亲情守候
咱说,4,2019-07-28 22:16:57,可圈可点可圈可点看的时候会默认四十年前的经典哪吒闹海的剧情走向看着看着发现本片完全没有照搬原来的故事而是完完全全讲了一个新故事并且不再是个人英雄独角戏而是成功塑造了四个主要角色这一点太赞了而要批评的则是开篇半小时打诨插科的小把戏太多了可这毕竟是个叙事性的神话正剧不是马达加斯加或者玩具总动员所以分全扣在这里另外技术上还有待赶英超美顺便看到有人拿哪吒闹海对比认为本片不如旧作的我必须指出一个基本事实哪吒闹海没有传说中那么好它是文革结束后美影厂赶工出来的作品技术上已经有各种不足更致命的是它跟那个时代的很多电影一样带着过度的政治隐喻四海龙王就是四人帮当无论左还是右的意识形态的灌输盖过了故事本身时就很难做出好作品了佛永润广正佳
麦耳,3,2019-07-26 23:29:04,虽然这个故事一直用最大的声音吼着我命由我不由天但我并不觉得这个动画本身有挣脱某种枷锁
文刀大土申,4,2019-07-20 20:27:36,二刷完毕确定是我本月甚至今年的惊喜之作妇孺皆知的哪吒神话传说在这里被重新解构整体的故事完成度很高这很难能可贵辅以更具观赏性的喜剧元素让整部片子的娱乐观赏性提升不少
西风独自凉,1,2019-07-27 08:40:13,华夏是孝道文化但哪吒闹海是我的最爱骨肉还给你人格精神永远独立任何文化唯有保持对峙的紧张状态才有可能革新前进歌颂父权是什么鬼这不是我的哪吒这是庸俗堕落的时代向钱看的辣鸡负分滚粗
陌生的天花板,2,2019-07-20 19:33:42,不好看不要浪费时间画面制作再精美也只是表现形式国内不会再有描述人性的好作品了政治干预太严重原本对天地君亲师的反叛变成了亲情友情包围下对命运的挣扎
Grey与r光C,3,2019-07-21 08:14:10,有些梗真的蛮low的
王大盆,2,2019-07-27 22:41:16,我对太儿戏的东西笑不出来也哭不出来不过打斗很爽制作精良倒也不是很难看就是比哪吒闹海差了10个大圣归来吧另外这个垃圾剧情没有脸致敬前作哈
禁闭岛,1,2019-07-21 18:06:20,只说问题1为什么哪吒是三子但整部电影完全没有交待老大老二2为什么影片充斥着娘娘腔结巴肥胖放屁等恶趣味3为什么人物设定脸谱化把申公豹做成丑角4李靖为什么当面拆穿自己的救命恩人是龙族5真心没觉得魔丸比灵珠坏到哪里去倒是敖丙后半截人设前后矛盾整部电影人物台词生硬剧情衔接不流畅人物表情僵硬台词浮夸动画片就可以没有演技总结完全没办法和大圣归来比
子文东,4,2019-07-19 20:28:50,非常完美了角色的设定和特效终于完全达到了国际水准对情节的改编也很合理无疑值得赞叹强烈推荐去电影院看但缺点也很明显就在于这巧妙的改编本身因为它最终完全消解了哪吒作为一名逆子英雄的强烈悲剧性他终于还是被驯服于伦理了所以这又真的是一个哪吒的故事吗不这只是一个正能量统御天地的故事
水怪,3,2019-07-28 09:30:24,无因的反叛对着空气和闪电的怒吼
里里里奥,2,2019-07-25 01:22:48,电影交流会上一派喜气洋洋的氛围导演说让这部电影成为国漫崛起的代表而我觉得最多凑个国漫复兴血统不纯何谓国漫另外只有我一个人觉得电影三观扭曲吗主角形象另说台词轻浮情节丑恶低下百姓因恐惧哪吒装死跳进真棺材逝者横尸大街还抢人家符咒放屁没完没了还要反派没完没了吸娘炮和残疾人也能没完没了搞笑这部电影我果断不能买单
曾经的可以,2,2019-07-19 20:50:57,一个偏心的老板一个不靠谱的师傅一个溺爱过分的母亲一个忘恩负义的父亲一个专职于打砸抢凭天生神力欺负别人还抱怨自己没朋友的官二代一个将父辈几代人全部心血毁于一旦而只顾交朋友的太极爱好者而以上这些通通是正面人物老龙王最可悲申公豹最努力而两个人的下场却都不是很好对这就是这部电影的全部你可以说他画面好你可以说他故事解构完成度高但是你要说他三观正却难以承认
雨女无瓜,1,2019-07-21 19:55:32,被骂也要说不好看尴尬的故事刺耳的配音台词反复说教消除偏见电影里又处处充满用偏见构成的低俗笑点哪吒发怒打砸抢烧是因为受到偏见不开心无辜受害的百姓就是一堆充满偏见的愚民也是呢愚民们你们只是失去了家哪吒可是受到了偏见呢因为敖丙加一星
万里独行甄志丙,4,2019-07-27 11:41:12,有些人一谈中国电影就扯立意扯逻辑谈漫威的时候标准就降到爆米花电影
琉球,2,2019-07-21 10:39:52,哪吒真的一点都不讨喜就算如此李靖夫妇还是对他爱的愿意为了他去死啧啧啧也不知道想要表达什么就算后期要成为英雄需要反差也不至于把他设定成这样吧还有哪吒不是打死了敖丙还抽了他的龙筋么这里咋还成cp了另哪吒配音真的生理性不适
不要用重复ID了,1,2019-07-24 00:27:23,都已经改的这么面目全非了为什么还要叫哪吒呢猴子热度蹭完了蹭孩子
Ozymandias,1,2019-07-22 09:42:15,戏说不是胡说改变不是乱编求求你别用哪吒好么人物轮廓别一个个长的像个白皮猪猡好么
应用层协议,1,2019-07-27 01:25:22,我求求你们睁开眼睛划拉一下这片子铺设的都是什么笑料形体羞辱生硬的方言梗和口吃梗屎尿屁和排泄物笑料络腮胡娘娘腔网络流行语以及港式无厘头杂糅我实在分不清它在风格上是更接近春晚小品还是王晶黄百鸣们的陈年港式大杂烩或许兼而有之吧没人说过哪吒的文本就不能做喜剧化处理但影片实际呈现的又是什么趣味叙事表意情感的传达没一样不是浅表而庸俗所有重要的信息情绪全都要用嘴吼出来而配音的表演质量又基本维持在国产古偶剧的中下游水准尤其敖丙活脱脱的3D版杨洋这么个玩意如今票房口碑双线飘红更有所谓国漫之光的桂冠加持大概也只能说明我们的观众对于一部动画电影最普遍的定位和期待也就是这副样子
FORMLESS,1,2019-07-27 11:41:06,看片前我倒要看看这么丑的哪吒到底有多好看看完即使他是所谓的国漫希望我也要从我的个人审美来进行客观公正的评价而不是一味的夸大说这是一个怎么样的进步我并不认为这是一部优秀的作品虽然这对于国漫来说可能的确是难得一见的片子我承认片中的美术特效以及配乐都还不错是电影工业化上的进步故事结构世界体系比较完整但是于此同时粗俗油腻的对白台词让我无法忍受哪吒的人物塑造过于刻意做作穿插的搞笑桥段简直宛若智障疯狂出戏很多转折和过度过于牵强凭借着快节奏的转场硬性煽情色彩饱和艳俗的让我怀疑人生如果说这种滥情且廉价毫无文学素养的剧本可以代表国漫的希望那真的挺绝望的因为这部片子符合当下语境的快餐和刺激你不需要动脑这种叙事结构以及一句我命由你不由天和鸡汤文有什么区别
哈哈哈哈哈,1,2019-07-21 06:36:40,屁屁翔受公关稿蛊惑早早买了票拉我去感受国漫崛起看完我就他妈回头给大鱼海棠改成五星这都啥几把花里胡哨的国漫格局越来越小我咋觉得他妈外国人都要比导演明白哪吒这个IP的内核只想讨好观众难成大器
zhang2nd,5,2019-07-14 17:36:55,做预告片的人可以开除了以前看电影的时候很激动眼里含泪打转这一次我靠眼泪流到脖子那儿了没赶上截住不过这片也有几段很差的瑕不掩瑜
鸡腿克星,2,2019-07-24 13:18:55,戏说不是胡说
染井吉野,2,2019-07-19 14:22:03,看预告时我以为丑是最大的雷点看完电影丑是最无关紧要的ooc这个故事和哪吒毫无关系那个小混混我也绝对不认
邓安庆,4,2019-07-21 21:18:32,很成熟很好看的作品啊美术制作人物塑造我都很喜欢
大瘦瘦,4,2019-07-18 21:15:33,邓超先学学如何拍父子情暑期档的电影也都考虑一下怎样逆天改命最后彩条屋的封神宇宙如果比乌尔善的封神分低我直播打人欢迎各位私我想打的豆友我挑一位限男性取向无所谓
不良生,3,2019-08-03 10:32:41,人们总是夹紧双腿正襟危坐对电影里的异类奉若为偶像为图腾为英雄却拍拍屁股走出影院后对身边的异类避之不及铲除剿灭泯然众人
皮革业,3,2019-07-27 21:26:13,喜剧部分全程滥梗角色设定也接受无能制作完成度确实可以基本抵消观感其实跟银河差不多审美相当只是方向不同
SydneyCarton,3,2019-07-21 17:50:07,真是过誉啊技术和预算都比大圣归来高了不少但缺了大圣最成功的那一股劲儿谁也不敢得罪又把故事做得太复杂一口气出不来如果能爆也只能归功于这个撤片档实在没片看吧
万万,3,2019-07-22 21:35:22,中二你就好好中二吧非得加那些低级笑料干吗呢
Fishrainy,1,2019-07-24 12:51:07,请记住动画片本质是给孩子看的这部片走歪了
PeterCat,4,2019-07-30 02:26:42,三幕设计和人物刻画比这几年漫威好看多了完全是可以卖到全世界商业片既然是就着好莱坞做的我们就用好莱坞标准来评
壹安,5,2019-07-20 22:25:20,终于打破了大圣白蛇拘泥于为国风而国风的短板硬件条件满足的情况下专注于塑造人物性格和逆天改命的全民情绪点是近几年封神IP改编最满意的一次悟空传请你过来看看人家是怎么拍的另外哪吒身上看到了漩涡鸣人的影子不知饺子导演是否也是火影迷呢
M神的教徒,1,2019-07-31 12:09:41,周星驰式幽默是将搞笑段子甚至金句穿插在它注定应该属于的地方而不是那样毫无章法的堆砌和滥用网络用语和段子的大量使用削弱了原本古代背景的合理性是一种极其讨巧的心思打着迎合大众的恶趣味来达到现象级作品的目的忽视了一个作品应该有的那些基本要求这是对自己和对观众双方的不负责
眠去,4,2019-07-21 18:47:23,我命由人不由天谁不会为之泪奔呢
舫原,2,2019-07-20 16:57:46,国漫的通病就是不能好好讲一个故事
戈戈,1,2019-07-29 00:43:06,如果我们国产影片的对白台词继续这样低级趣味的尴尬下去如果我们树立的国产男孩形象再继续走这种小大人没教养我最牛逼目中无人的路线如果我们继续用今天影视圈的品位和文化底蕴糟践神话和历史人物那么电影院有一天也会成为工体成为一个不能带孩子沾染的地方
TimberNord,4,2019-07-30 23:21:02,人物设计父母的那个眼睛有点让人发毛反派师傅那个造型好像木兰里面那个太监哦动作设计好棒好棒最后高潮部分有一点点的拖沓不过整体真的很让人惊喜了我们小县城的电影院里男女老少哭得稀里哗啦的没办法我们乡下人就是这么sentimental最后真的好希望自己小时候学会踢毽子啊可惜很遗憾我点开的是跳牛皮筋的科技树后悔
鬼_七,3,2019-07-23 20:19:06,制作ok啦故事这么改也不是不行反正也不敢照着原本拍改编的重点是把反抗对象抽象化不反体制只反命运最后落到做自己这其实是妥协虽然能理解但也是妥协本质上没有剔骨割肉和重塑肉身这一破一立的哪吒是没有意义的要看身为异类如何自我认同不如看X战警啊
paobecky,3,2019-07-20 13:06:00,没有稳定的三观没有逻辑没有文化输出少儿不宜
玩酷子弟,2,2019-07-30 19:50:10,因为大家吹爆才去看的动画技术值得肯定但配音到剧情全程尴尬二流子哪吒泼妇哪吒妈娘娘腔的大胡子村民结巴申公豹为营造申公公的笑点设定为结巴一口川普的肥佬太乙真人各种掏裤裆喝鼻涕玩得不亦乐乎把屎尿屁当幽默把瞎编当创新我需要看哪吒闹海来净化心灵了
EurekaAO,3,2019-07-20 11:29:18,精致也抓人但观感微妙迪士尼拍出这个可以给五星中国人不行中国人知道哪吒到底是怎么回事不管怎么感人哪吒能给爹学背书吗
喵老师2333,3,2019-07-23 22:43:18,让人物智商下线来推动剧情是最低级的剧作方式这个故事就是靠着犯蠢来推动剧情的浪费了有趣的创意和设定就算最后口号喊得再响亮也盖不住空洞的故事导演说为了避免反派脸谱化做了很多设定恰恰最大的反派陈塘百姓是最脸谱的跟银河一个德行群众就是恶的化身
严荼,5,2019-07-24 00:19:12,身份认同长久以来被父权社会描述成无病呻吟的小事不成体统的歪道从前的哪吒们动仄削骨还父削肉还母投胎再造是他们逃离家庭歧视和社会指摘重获自由的唯一方法如果明天我们每个人都可能是被主流价值观霸凌的没有三头六臂的哪吒那么今天我们还要不要作嘲笑一切怪物的庸人镇压一切妖孽的玲珑塔呢
竺竹哼哼不二,3,2019-07-30 17:54:32,不行这次我要站在你们大多数的对立面了优点固然明显例如绘图设计啊剧本完成度啊但是较点真粗鄙的笑点和混淆的设定特别是最后老百姓们那一跪还是没有超脱出君君臣臣父父子子的纲常我觉得我们喜欢孙悟空哪吒这类神话人物且乐此不疲的改编很大程度上是弥补了叛逆犯上弑父在现实中无法践行的心理诉求但除了寥寥这几个还有谁呢
好姑娘老妖,3,2019-07-23 17:39:59,哪吒是部很好的电影但是我看过更好的哪吒新版的差不多改编了整个故事从前的哪吒反抗的是父权是统治阶级是所谓的优越感的天界权威现在的想哪吒反抗的是虚幻的命运啥意思呢就是好好听话别折腾你是谁你有什么身份都是天命所定真是非常主旋律的一部电影了所以我更喜欢那个自杀的哪吒那个削骨还父削肉还母的哪吒但是电影是不错的推荐去看
渡边,3,2019-07-26 23:21:14,优点是故事节奏和画面都算流畅吧但技术上并未看到比大圣有什么进步成熟的商业动画吧影院里的小孩子都看得很开心为讨好大众难免有些媚俗屎尿屁网络用语卖基中二燃加感恩父母最遗憾的还是改掉哪吒的死法吧如果没有剔骨还父割肉还母那用哪吒这个形象有什么必要吗请蛮吉回来不就好了
傻老太太丧彪,3,2019-08-04 00:52:37,我命由我不由天是魔是仙我自己Q定那么申公豹敖丙和忍辱负重数千年的妖龙们为什么不自己决定太乙不必为贪杯误事负责难道不是因为被师父钦点了仙命一个官二代把整个陈塘关搅得天翻地覆就为了找个自我认同哪吒到底自己决定了什么仅仅是不理睬白痴们说什么吗我不觉得哪吒故事就一定要弑父事实上封神演义就把西游记里反抗性的剔骨析肉改写为孝道动机后人当然可以继续改可这种改动太说明问题了当父权家庭悲剧被改成了中产育儿传说当欺男霸女的龙王三太子被改成温顺英俊的悲剧少年当活在神仙们欺凌下的无辜老百姓被改成了不断误解官二代的白痴们你真的可以无动于衷吗片子当然好看简直堪称享受但真正可怕的不就是这样的叙事正变得好看且享受吗
大头绿豆,5,2019-07-26 14:55:25,此评价代表一位刚陪一位沉迷西游记数月的五龄童看完电影的老父亲的感受孩子笑得开心为父老泪纵横
小四川,2,2019-07-28 04:27:35,皮相做的还不错观感体验也还行但是依然没有真正吸引人的内核动漫最吸引人的东西恰恰缺席了
MustardL,2,2019-07-21 07:30:39,因为考虑到低龄观众而加入许多低俗的笑话和段子似乎又和其要探讨的主题不相符反倒觉得认真拍能更好
我对你的无语简直能沉默整个宇宙,3,2019-07-27 11:26:14,技术上很成熟了但是
河狸,5,2019-07-21 21:34:00,绝代双骄之冰与火之歌
朱古力哪吒,4,2019-07-28 21:45:08,技术优秀部分细节精彩但故事整体并没有打动我外部堆砌了太多花里胡哨的元素偏偏主角自身的成长变化不够亲子和友谊两段重要关系竟然都是靠反反复复踢毽子传达哪吒闹海成哪吒为毽狂了
MrInfamous,5,2019-07-23 20:42:53,三岁的哪吒丧得比谁都通透悲观该是比万龙麟甲更坚硬的武装可在命定的天雷下又有几个异类能够保得住肉身呢主流社会偏颇盲从暴戾的酸民多得叫人烦躁绝望成魔成仙却偏要被他们的眼白决定那马后炮的原谅与膜拜真是既可耻又可悲凭什么让他们眼中的怪物去拼死拯救丑陋的苍生还要接受廉价的感恩难过于是对两个怪物的交情独揽命运的悲壮格外动容很爱人物关系的新编连带着流俗的梗也没那么抵触这样说不代表这些梗就是好的只能说迎合下沉需求却背离了整体大气可在一个反击偏见的电影里那位壮汉是否被当作偏见的祭品了呢不过还是愿意顶一下哪吒于动画于传奇有许多突破的价值这曲冰与火之歌后期待封神宇宙四星半
李小毛,3,2019-07-29 11:14:26,3星半吧故事是全须全尾讲完了燃的地方也能带动情绪但为爹奋战真的不能接受另外打完全村忽然单膝跪地嘿这时候就很感谢复联4的导演把所有人朝着钢铁侠单膝跪地的一组镜头弃用了
千鸟欢喜天,2,2019-08-05 09:39:46,特别难过如果是普通的动画片做成这样肯定给五星的了可惜是哪吒哪吒是非常罕见的反抗君权父权的古典题材现在突然又变成歌颂父权爸爸瞒着你做了XX实际是为了你好的东西彷佛心底的一颗明珠被挖出来打扮得花枝招展再放点屎屁尿去接客一样我能明白当年悲壮震撼的哪吒脑海不可能再重制上映即使上映了也会被父母投诉到死只是单纯很难过而已
^期罐^,3,2019-07-28 03:04:11,网络段子对本片的伤害是巨大的除此之外这片到底想说啥呢
Morning,3,2019-07-21 23:18:21,主角的戏写得很聪明尤其做出来了哪吒和敖丙的关系令人接受容易又不落俗套但节奏是一大问题不如本身的技术那样流畅思想上要比大圣成熟但没有大圣那样锋利我个人不喜欢的是配音部分题外话我在漫威中看到了世界上那么多维护世界和平保持公共安全的各路超英可是在中国的这样的动画里永远看到的都是反面的神仙查无此人的元始天尊阴险狡猾的申公豹缺乏专业的太乙真人玩忽职守的结界神这些代表着上层的人总是要被塑造成这样的轻浮与标签化也许一部分暗合了世人的想象但真的并不真实生动这个电影没有在任何一个其他的角色上做出真正丰满立体的设定都是在一个维度里做得规范踏实所以最后这个可怜天下父母心感人却不深刻
小斑,4,2019-07-29 18:44:32,原版的哪吒是最道系的神话人物不受半点委屈不着半点羁绊宁可剃骨削肉也不违本心其间之血腥极端背伦同他清纯稚弱的外貌形成极致对照在封神榜一众妖仙之中也是最cult的当然这种无君无父的故事现在不许拍了然而鬼娃恰奇的脸和我命由我不由天的正能量并不能补足莲蓬里的窟窿说好听是符合流行说难听就是俗气跟我记忆里的哪吒落差未免太大感觉是用他的身世设定讲了个别人的故事好在故事本身除去个别屎尿屁掏裤裆的梗低级且不知所谓之外整体还是流畅的制作也非常用心远高出了国产动画的平均线
德卡的羊,4,2019-07-16 21:13:08,80100确实是惊艳技术上是绝对的国漫新巅峰完全建立于现代语境用相当戏谑大胆的颠覆与重构情节与人物焕然一新让经典传说重现光辉虽然内在主题成见和做自己之类的很俗套了但所幸讲述的足够有趣最厉害的是依旧无人逃的出这宿命魔掌妖还是人都不行最深处依旧足够悲壮笑点够好笑同时还能赚到我的眼泪唯一问题是人物转折的铺垫还不够充分有些突然但跟惊艳的整体比属于小问题了
Ou,3,2019-08-03 15:56:18,分镜和大概念都挺漂亮的比较可惜的是最关键的地方被两年后给略过去了哪吒本应自觉触摸自己的魔丸灵珠两面性形成自己人格现在变成了指哪打哪的无名火小粉红魔格由何而来谁给了哪吒那样一把声音贴了傀儡符的巫毒娃娃因为人格建构的缺乏电影最后成了一场大型祈雨祭祀现象中小粉红和大冰蓝的合一什么时候才能实现
塔塔君Minkun,2,2019-07-26 21:48:56,彩条屋这些动画能不能少点浮夸多点基本功闹心
,3,2019-07-27 20:59:57,作为新晋的国产动画旗手我们希望新晋的黑马不止于利用好莱坞式的叙事方式来讲述东方神话而是希望它可以在主题在美学在技术上有更加深入的开拓和探索而不仅仅只是传达单一讯号我们和好莱坞的差距正越来越小
朝阳区妻夫木聪,4,2019-07-17 22:57:54,戏说不是胡说改编不是乱编动作打斗行云流水一气呵成技术层面也几乎无可挑剔最主要的是这次的故事比之前的几部国产动漫都扎实了不少没有糊弄观众对权利的解构和重塑阴阳善恶双生双克的设定以及对宿命论的彻底颠覆这跟悟空传里的空喊口号又不一样笑点燃点都抛得恰到好处对于人物性格和神态的塑造也十分得体且合乎情境很乐于见到华语电影人动画人对封神这个奇幻大IP下手恭喜彩条屋终于硬气了一回三星半加半星鼓励
Y,4,2019-07-18 21:57:09,1偏见是无形之中致人死地的致命武器2面对偏见走怎样的路是选择题而不是判断题3可能没有永远的朋友但也没有绝对的敌人世界更不是非黑即白的4不公的命运值得我们每一个人去抗击一个国产动画片愿意跟你讲这些东西那么即使它没有化用好莱坞模式与后现代主义做创新实验即使它没有动作流畅建模精致的人物与炸裂特效这样的硬技术保障它也是优秀的更何况它什么都有呢所以说尽管片子的最终质量是低于我个人的预期的我也依旧不会吝啬我的赞美正式上映后我会去IMAX二刷的
灰土豆,2,2019-07-29 12:46:28,特效可以了故事是个弱智哪吒
UrthnaDMors,3,2019-07-29 11:42:15,命不由天的概念是好的但还是有瑕疵太接地气了还有这给孩子看真的好吗妥妥培养出毁天灭地型熊孩子
张春阿卡纳,5,2019-07-21 17:37:12,十星都去看好吗喊到破音
qw0aszx,3,2019-07-28 22:18:34,段子少点就好了
Koi,5,2019-07-25 09:28:08,我一直觉得中国古代神话能称得上传奇的只有两个人物一是猴子一是哪吒百世蕴灵育出只石猴大闹天宫腾云驾雾三年怀胎生了个哪吒东海屠龙翻江倒海可以说除了这两人没人再能当得起离经放纵四个字的但称得上悲剧的约摸也只有这两个一个五行山下压五百年揭了封印戴上金箍无悲无喜拜佛西天唤孙悟空一个削肉还母剔骨还父塑了莲身站上火轮无怨无恨封神南门号三太子这尘世最擅长的事大抵就是抹杀疏狂者的落拓磨平豪纵者的傲骨斩灭叛世者的孤妄
王俊俊,5,2019-07-20 20:13:33,主创有才华陈词滥调的神话故事也能拍的圆润饱满有血有肉导演没审美再多投资再好的题材再大牌的明星资源拍出来也让人皱眉只能靠着争议性话题性哄骗观众的钱然后安慰自己赚到就是成功的万马齐喑究可哀中国一直不缺有才华有实力有心思的创作者缺的是机会是社会资源的不公平分配
某妮,4,2019-07-14 18:05:38,自古红蓝出CP虽然对我命由我不由天这种主题还蛮疲劳的电审动字2019018号
萨库拉,4,2019-07-18 21:25:50,充满想象力的新编剧作令人惊喜看上美厂旧版的那一代孩子和看新版长大的这一代孩子都很幸福因为国产动画不仅崛起还开始甩国产真人片八百里对比隔壁的银河补习班希望良币能驱逐劣币
你看起来很好吃,3,2019-07-21 01:56:08,国漫就剧情逻辑是硬伤啊也不讲科学
Cosine万一,5,2019-07-14 17:25:15,太棒了有智商有逻辑有意思希望票房大爆改编的颠覆又相当合理冲突和感情都不平面感觉很多部分有漫威的影子
艾晨,4,2019-07-21 20:40:47,三星前半段三星后半段四星
电动小伙,4,2019-07-27 23:54:30,在重庆的影院人们随着太乙真人的四川普通话哈哈大笑这样就很好啦当然我还是更喜欢经典版本的哪吒那才是我不连累你和不认命的真正模样在我心里哪吒和大圣是比哈姆雷特还伟大的悲剧形象
静心阁亦疗伤,2,2019-07-20 09:02:44,这个怎么说就是可能更符合00后的审美对老年人不太友好对弱化的母子线有些遗憾
Hideo,5,2019-07-21 18:19:08,几乎可以说是主流视野里近两年除了蜘蛛侠平行世界和犬之岛以外最好的动画电影也大概是这个由技术问题导致的灾难档期里唯一值得一看的作品了宿命和出身这两个议题在外部环境的误解和族群沉重的托付中变形交织缠绕着最终用伏笔巧妙的完成了转折隐藏在热血之下的是对世间定规的讥笑和否定十分期待龙族和妖魔这条线如何在接下来的作品里收束这一设计甚至嗅到了今何在的味道白蛇缘起对经典的重构受困于剧本没有达到应有的效果哪吒的成功为后来者提供了一个方向几乎每个熟悉的细节都处理的有些陌生化却抓住了经典的神韵这次与大圣归来那次不同的是大圣的高潮戏和情怀掩盖了诸多缺陷当那个劲褪去之后会感觉国产动画还没准备好去响应人们口中的期许但这次哪吒配得上如此赞誉
草威,4,2019-07-27 22:22:15,故事讲得很出彩实现得也很好但有一些对白好像刻意的降低了品质感我觉得不必要总之加油
千寻亿选,3,2019-07-28 21:41:52,千言万语汇成三个字看不惯
汝就做吾的犬吧,2,2019-07-31 16:23:12,确实这代技术团队比大圣归来进步了不少但是这片除了建模技术和配音演员很敬业就真的没啥了大段大段堆出戏的流行元素表达的思想都是喊口号一样直白反复的摆在台面上强调角色性格全都是为了迎合那些看个热闹的观众在耍帅卖惨如果接下来要拍封神榜的续作还请换个导演和编剧吧我不抵触改动但我打心底里不喜欢为了迎合为了时尚为了热闹的这种改动大圣归来给中国电影动画开了个好头我不想此之后的动画又倒退回以前那样只要看个开心就好
伊夏,5,2019-07-18 21:07:10,虽然还是更喜欢大护法但哪吒哥哥我也愿意嫁滚可惜少年哪吒出场太短了圆滚滚魔童总让我脑补彭昱畅好开心是带着爸妈看的这个投票好值得而且爸妈也很喜欢做得这么好妈妈都惊了结束后我说赶紧卖去国外吧也很感动看到所有创作者来自全国各个动画公司北上广深南京苏州长春成都在今天京阿尼事件让人悲伤的时候好想带着眼泪地说地球上喜欢二次元的人们啊联合起来
天蝎小猪,5,2019-07-25 10:48:24,看哭了呀期待封神宇宙真的有吗
NGOCN,4,2019-07-18 20:30:52,三星半魔童版哪吒与敖丙的共生关系与酷儿叙事有着不少共通之处能引导个体觉醒认知自我的很大程度上是同路人哪吒与敖丙通过观照对方才得以认清自己明白我命由我不由天魔丸灵珠的善恶属性并不能定义自己但红蓝配色以及两人合二为一的太极阴阳图实在是过于强烈的暗示这么看来李靖在众人面前揭穿敖丙的真实身份其实是给敖丙出柜咯暑假档票房的有力竞争者值得一看的国产动画电影作者紫薯
仲曰,4,2019-07-19 23:48:48,熊孩子恐惧症患者慎入
伊谢尔伦的风,5,2019-07-28 22:41:26,惯例还是国产加一星同时感觉到我作为国产动画的观众阈值在提高这片子如果放五年前出我一定贼激动现在看也就是情绪稳定地说作品不错但也有一些美中不足扶额当然也有一些比起3岁儿童友谊我更想看72岁直钩钓鱼的个人审美因素作祟
次等水货,5,2019-07-16 12:08:45,炸
本来老六,4,2019-07-20 19:19:03,非常不错但不如大圣归来我更喜欢白蛇缘起
叶枕,3,2019-07-21 10:05:50,故事完整流畅表达OK最大毛病可能就是一个经典悲剧形象经得起反复挖掘的深度被迪斯尼化了阖家欢乐四个字注定止步在少儿档与真善美我觉得甚至可以从赛博朋克人体炼金改造角度的切入哪吒这个命题更别提都被痛痒乐团拿来做俄狄浦斯反叛标签的经典形象了适合暑期档父母带孩子一起去看
saintdump,4,2019-07-21 20:11:11,355很有意思改剧本成为银幕内外双重的指涉哪吒的典故被注入邪丧敏感的人格特质对新的观众重塑新的神话偶像类似漫威雷神之于索尔有个时刻我认为要向父权开炮了但没有和白蛇一样调转枪口对准愚民的成见权力是隐含在人情关系中的是亲情和友情成为赋予情节合法性的动力真心为你让不认命的燃在中国式权力语境内有了悲壮的内核尽管有诸多超英片的影子但高水准的制作神笔马良式的奇观还是运动主观镜头让人感到年轻创作的商业野心就能用网游画风做出A级效果包括插科打诨和彩蛋
二姑不让我乱起,3,2019-07-22 03:58:57,没人看出这是火影忍者剧场版之鸣人转世再续佐白龙羁绊传
巴乌,2,2019-07-28 15:43:58,我猜很多女性一定不喜欢这个形象老少咸宜也谈不上这哪吒的口儿也太脏了哪吒他妈就是一大傻子他爹就是二傻子太乙就是三傻子当传统内核被所谓的好莱坞式亲情友情消解了也就不是中国的哪吒了声音呈现非常廉价全片毫无想象力甚至怀疑自己在看真人电影ps龙宫的设定不错
嗔,1,2019-07-28 08:49:45,看到友邻都那么包容我都怀疑人生了太恶俗了还不如大鱼海棠呢真的恶俗到方方面面
韭州夜行客,3,2019-08-03 22:38:21,1制作是精良的电影工业是有长进的2剧本的内核是媚俗的阉割了削肉还母剔骨还父的反叛精神替换成父慈子孝用爱挨雷劈的正能量叙事这样一来哪吒已经不是哪吒而是一位成功接受思想改造的优秀少先队员3对白大多是用段子堆砌起来的未免单薄致敬星爷的那部分也略显刻意4看来空手接白刃已成为李靖的默认技能5李夫人管哪吒叫吒儿置金吒木吒于何地应该管哪吒叫哪儿PS温馨提示一下最后一个彩蛋不必等
丧钟为谁而鸣,2,2019-08-01 19:46:07,笑不出来也哭不出来我寻思这不就一劣质网文吗
晚不安,3,2019-08-02 03:22:36,又一部好设定烂剧本的国漫典型长板效应在暑期档再次戳中了观众痛点哪吒的剧作缺陷和胜利曲线几乎和大圣归来如出一辙讲的是逆天改命和打破成见中式超级英雄的反叛内核总能和时代情绪呼应把全副精力都放在视效和燃点上可幽默感是尴尬且失效的故事细节和转折也难以推敲从而让亲情与友情的元素变得非常羸弱回想这些年的国漫爆款独树一帜的还数大护法
L,2,2019-07-28 07:48:32,吹过头完全没有以前那一部上美影哪吒闹海感人
nBOSSDX,1,2019-07-29 09:45:10,豆瓣88分的概念是多大国产的宝莲灯80日本今敏的红辣椒88幽灵公主89未麻的部屋89魔女宅急便8688分的概念等同于基本秒杀所有的动画电影可以进影史前十的那种我就想问它配吗
小白兔吃猫饼干,3,2019-08-04 15:39:56,编剧可能参考了动物乌托邦食肉动物好食草动物偏见但动物乌托邦是下了狠心真把食肉动物编得超无辜食草动物编出阴谋来哪吒一逃出拘押就把城市炸个稀巴烂还安排他妈出来讲你本性是好人是偏见把你逼成恐怖分子的这就太欢乐了
津五渡,4,2019-07-19 22:20:51,3D差评算是比较成功的改编了增加了喜剧元素画面炸裂制作精良剧本上有颠覆改动虽然不小但基本遵循了原本传说的内涵这些细枝末节的改动和填充并没有什么甚至还使得故事更加饱满但是最不满意的地方就是父子关系的转变可以说本片洗白了父权哪吒由割骨还父割肉还母的决绝变成了我命由我不由天的决绝这里面的力量是不一样的只能说这个改编更适应时代另外就是画风稍微有点丑但并无大碍看习惯了觉得哪吒丑帅丑帅的
倒带,2,2019-07-26 14:19:58,你说他低龄向吧我身边的娃儿中途直接被他爸带出影院你说他成人漫吧各种低段位笑料勇于做自己的主题都是老梗最不能忍的是画风的粗糙和动作设计的低质感觉缺钱片尾多彩蛋设计也是对漫威的拿来主义满屏赞爆的请去看日漫地下龙宫和双人合体部分做的还可以整体观感丑糙土
睡觉是头等大事,4,2019-07-30 11:47:00,1首先野心很大映前预告和第二个彩蛋姜子牙都出来了很明显下着一盘大棋2分镜手法上用了很多无厘头搞笑梗也更年青化了这是比之白蛇大圣风语咒更接地气商业化的地方3改编颇大没有闹海没有割肉拆骨没有斗杀三太子抽筋哪吒太乙申公豹敖丙李靖夫妻所有的角色颠覆很大内核是破除成见自己掌控命运非常接地气光是那句我命由我不由天就中了太多痛点能圈粉不少4国漫崛起我这几年听了至少4次国漫要崛起了上一次还是白蛇缘起谈崛起起码要从横向或是纵向比较能有大闹天宫这样在亚洲动漫的影响力好歹流浪地球对比的中国科幻史大片空白的历史才谈得上科幻片的崛起5是部非常好的国漫商业上会很成功去影院支持物超所值我很期待后续的封神宇宙系
迦南Canaan,3,2019-07-28 21:06:20,闲笔太多
焚,2,2019-08-19 01:12:15,尚前r值^的偷渡鼻屎怪的上岸食C明了妖怪吃人光是@c就妖族人族之分不可能H止於哪吒以榈姆N族歧那般味是赤裸裸的N族食物之而哪吒源於魔丸@新O定他的叛逆H止於罹患了超常力量的ADHD父母之命和自我追求矛盾的鹘y命}t被拔去扔到男二敖丙身上也哪吒的片尾f教不免有N站著f不腰疼的吻甯
梁州,5,2019-07-18 20:47:43,去你的鸟命我命由我不由天是魔是仙由我说了算
Xaviera,4,2019-07-19 13:52:09,不废话打算二刷IMAX了比大圣归来还要好看剧本虽然看着套路但写得工整又有梗你已经够熟悉这个故事了它却选择打破重建最重要的是在大圣觉得遗憾的最后决战高潮戏这部简直爽到了龙的毛发和水还能感受到动画人的倔强真心希望票房好一点再好一点能来个第二部开发一下宇宙虽然导演说还没想好但另外一部姜子牙看了预告也非常想看了
托尼王大拿,4,2019-08-10 17:21:44,避重就轻间完成了从父母皆祸害到历史进程靠个人奋斗的温和改良将哪吒原有的玉石俱焚般的刚烈变成了更符合广泛受众的取向广泛地吸取了欧美动画长片的剧作模式和无厘头的幽默节点设置大量的小聪明聚合体
余小岛,3,2019-07-27 18:16:39,好看但不喜欢好看在于制作精良细节到位有老港片的味道但还是不喜欢这个哪吒的改编弑父的哪吒变成因为父爱找到自我他最大的敌人竟然变成了世人的眼光差了点意思
渡口无边,4,2019-07-17 21:20:02,剧作内核和画面都比大圣归来高真正执笔于哪吒内心在善恶家庭成长和人心上都能找到自洽的落点童年成长所积压的情绪在最后一战中迸发释放让人燃到飙泪改编颇具想象力对世界观的构建续集的伏笔也下足功夫分裂的是本应暗黑风的基调从始至终都塞满不间断的现代语境的恶俗冷笑话在观感上屡次让人出戏之外还给调度和节奏带来些许影响总体瑕不掩瑜它可能是国漫真正崛起的一道分水岭
野子,4,2019-07-29 00:19:04,低俗和恶搞拉低了这部电影的水准总的来说瑕不掩瑜算得上是部难得的国产电影但成不了经典
RUNE,3,2019-07-19 01:37:13,泼个冷水哪吒的模式其实还蛮网文的穿插着各种不合时宜的现代烂俗梗尤其是在各种隐藏大战封神战等级技能术语悄然而过的瞬间就令我不止一次地回想起无数个躲在被窝里偷看网络小说的夜晚可惜现在早已不是这种年纪哪吒的技术固然是无可挑剔的然而故事略中二深度如爽文人物看似反传统但其实又套路得可怜逆天改命这种写烂了的东西大家是看得太少吗就不要去妄想什么暗黑神话颠覆改编了一切都是为了服务画面二字
阿巴厮,4,2019-08-02 20:51:41,再一次警告中国电影人不准这样做电影了不然还得花电影票钱不可以要坚持做烂片不要又逼我花钱走进电影院
梦魇马戏团,2,2019-07-29 23:26:10,一商业片要求轻松和笑点OK但我们有没有资格要求幽默更加高级二原作作为古典文化中难得的对传统和父权的解构反讽之作如此的现代再解构难道不是把它退回去了
色烈芬,4,2019-07-22 14:19:58,瑕不掩瑜地惊艳孤独的魔丸只不过是渴望得到认可的小孩子我们生而为人应该为自己而活这个跳脱封神榜的剧本走向和立意都足够优秀除去高潮收尾有点冗长特效也确实是绚丽而我比较喜欢的是导演关于教育这个观点魔丸性本恶喜欢欺负村民最后也善心大发牺牲自己救下陈塘关看啊是因为从小就有个被咬了手不责备自己的妈妈是因为有个堂堂陈塘关总兵为了孩子还是甘愿舍下面子为自己而向父老乡亲低头还为了保全自己宁愿自己去死的父亲父母三年以来传授的关于善的教育灌输他的你不坏的信任把他培养成最后时刻还会反倒过来指责敖丙懦弱让他正视自己内心的真男人没人是性本恶的关键看有什么家长吧然而如果对白的幽默性还是用网络段子化来呈现那国漫的崛起就镇还需再走很长的路
玖羽,5,2019-07-21 20:52:52,制作质量出色但不必要的低俗梗过多拖累了水准总体来说和大圣归来相比优点更多缺点更少同样打五星大圣归来有不少鼓励分但本片就比较少遗憾的是如果格调更高一点就可以不算鼓励分而当之无愧了
rune1121,3,2019-07-21 13:10:49,国漫的标准不是我靠这片真好看经典而是我靠国漫也还可以看崛起了为什么国漫这么多年一直是在崛起却始终没有真正起来环境当然是关键原因也离不开观众的捧杀还有为什么喜欢这种奇葩的人设不古不今不中不西因为建模好建吗
Shaw,5,2019-07-19 12:48:56,绝对五星鼓励可能算得上在宝莲灯之后国产神作胜于大圣在国产动画的水平下几乎毫无缺点在电影里致敬了不少其他动画元素看到了很多功夫的影子动画版星爷式无厘头最后很暖心票房保底8亿吧
大卫独处尼,3,2019-07-27 16:33:41,犯了和陈凯歌版赵氏孤儿一个毛病把原著里最激烈的人性冲突给剔除了
海蓝蜀黍,5,2019-07-20 17:21:33,这个有点朋克感的颠覆性造型初看}的慌看久了反而觉得丧萌丧萌的希望人物形象能与故事内容相契合至于改编不是乱编主要还是看故事本身是否足够精彩只要做到逻辑自洽哪怕面目全非也不能说是毁经典20190720吹爆完成度极高的动画电影好看
喵咪戴戒指,4,2019-07-22 23:07:51,不太喜欢这部戏里太乙真人的设定低俗梗比谐音梗还要扣钱打斗场面很加分终于不是一个大招打赢boss的局了只是那盘在一根根柱子上的龙天庭怎么就这么理直气壮让他们数年如一日地在不见天日的地方镇压坏蛋啊能不能轮个岗
隔壁山田,4,2019-07-23 21:02:07,技术完美但我觉得哪吒是一个我不要还给你的人物而不是吒儿这样和解回归圆满的角色
发光的岩井俊七,4,2019-07-19 21:53:50,35这世道真不容易啊为能吸引观众耳熟能详的传说作出了极大的迎合如今年轻一代欣赏习惯的改编居然哪吒和东海龙三太子成为了真灵魂伴侣还蛮好嗑的服适用我只有一个朋友梗的list又增加了一组成员咳咳当然哪吒故事历史上本就历经无数次的本土化改编漫游卷轴仙境和真冰与火之歌场面赞原来全片是姜子牙的大型前哨如此阵仗啧啧片尾为引出彩蛋的彩蛋也很有趣虽然影院早早亮灯观众们都赖着不走了
罡,1,2019-07-29 23:09:30,这就是一个糟蹋传统神话的套路行活儿何必这样我不希望自己的孩子回忆起哪吒是个网络时代的快餐mlgb
李不言,3,2019-08-06 19:52:39,从哪吒闹海到哪吒之魔童降世刚好40年这个时间跨度足够让我们看清时代的变化每个时代的多数人都必然面临着某种力量的共同压迫而处于某种与其时代特征一一映射的压抑之中同样是热血不一样的地方在于哪吒闹海是中年人的愤怒哪吒之魔童降世则是青年人的愤怒40年前人们的压抑来源于不容置疑的强权所以那代从文革里走出来的创作者反抗的主要不是以龙族势力为代表的奸邪而是霸道昏聩而具体的父权40年后在一个空前盛世里人们看起来已经没什么可抱怨的了实际上在威权夹缝中存活着的那些作为非既得利益者的年轻人在盛世的威名下因失去了成为既得利益者的机会而焦灼更因他们失去了可以反抗的具象的敌人而蓄积着压抑的愤怒本片点燃了电影市场但一个需要用想象出的热血去释怀的民族是年轻的同时也是需要反思的
ST斐济猫,5,2019-07-30 14:42:51,最近唯一一个让人看到希望的东西大圣归来之后很明显的进步真正的中国的东西是需要浪球还是这种自己判断吧
内陆飞鱼,4,2019-08-09 15:20:04,这个暑期档幸好还有一部哪吒不然真的叫惨淡了瑕不掩瑜故事情绪人物美术是成功的国漫的一种拍法虽然比起皮克斯迪士尼的优质佳作们还有距离但在这个环境这个预算这个制作下已经算大有可观了希望这才是国漫的良好开始未来还有漫漫长路去试错进步而不是开始就是巅峰剩下就是灰烬祝福
月y,5,2019-07-21 21:59:17,妈妈总是对我说不要为了父母而努力可是哪吒最终还是喊着我命由我走向了父慈子孝35依然存在一些问题诸如对白说教主题存疑高潮拖沓结局草率笑点尴尬等等但是我愿意给满分因为观影体验良好因为情感被彻底调动因为真的看到了新的希望在国内对动画普遍打有低龄标签的情况下能做出这样真正老少咸宜但又存在突破主题明确而又不至于烂大街的作品堪称是定规下的突破配音很棒动作戏令人叹为观止居然还能年更最后的彩蛋连击几乎把野心写在脸上虽然有些破坏余味但在这里能看到这样的宣告很让人有一种安心与期待ps字幕不仅修改了方言还神隐了去死等词种种束缚可见一斑
jj73浅之,4,2019-07-21 19:32:09,所有惊喜都集中在剧作层面剧情人物没硬伤情感扎实反英雄设定十分机智结尾还是拖得有些烦躁但离场感极其饱满不知道是不是头昏脑胀的关系全场爆笑的情节我倒是全程冷漠
seamouse,4,2019-07-28 22:46:45,制作精良川普加料笑场频频不过为了重塑以天地君亲师孔孟之道为基准的中华民族价值观本来最该有戏的削肉还母剔骨还父故事完全没了
Laputa,4,2019-07-28 15:53:40,很娴熟的商业片反面人物的塑造也细腻丰满很难得鸡蛋里挑骨头动作场面过多了些看着累周星驰式的悲情喜剧元素太老套核心价值观延续大圣归来略显简单生硬
猴头虫,5,2019-07-15 17:04:41,点映看完了过两天正式上我再去2刷不管世人审美咋说反正我真心喜欢这个黑眼圈哪吒的有血有肉尤其是押韵的儿歌一套一套的比好多高颜值无性格的电影电视卡通形象有意思多了
墨墨,3,2019-07-26 16:58:59,段子台词强行出戏父慈子孝了呵呵
尾黑,3,2019-07-27 20:41:03,父权制的代表李靖同学已经被洗白成暖心奶爸父爱如山了所以哪吒这故事新编的意义何在怼天怼地却不anti父权的哪吒到底又在anti个啥魔神二元论基因编辑吗以及申公豹变成了字面意义的豹子精我是拒绝的
华盛顿樱桃树,4,2019-07-22 13:36:11,每年都能看到国漫的新希望可真好自由自在的创作天马行空的想象力令人开心又感动
苏觋觋,3,2019-07-30 23:05:45,哪吒真的太overrated了本身这个神话故事的核是反父权的是一个儿童朋克觉醒但最后做成一个父慈子孝的合家欢输出的价值观还是你要认识和定义你自己我不懂感动点到底在哪但制作水平是在线的这只能说中国观众对一个及格线的作品是多么渴求和宽容
姬长安,5,2019-07-15 19:47:39,我来提前预测2019暑期的第一爆我的亲亲话唠混世魔王小吒吒将上影版的刻板印象中象征无上父权的李靖和逆天改命颠覆父权的哪吒做完全彻底的新改编是要有很大勇气的但是电影却用人心最柔软的地方做了非常合适的魔改连哪吒和敖丙这对夙世冤家都能走向生命的大和谐还让我落了好多泪真的绝了画面太过流畅丰富笑点蕴含在整个电影的叙事节奏里密集又恰当
雪法妮奥,5,2019-08-03 17:02:52,看得又哭又笑不过李靖夫妻你们给我说说你们管哪吒叫吒儿金吒木吒难道不配拥有姓名
刮刮油,4,2019-07-27 18:51:18,虽然人物性格都改了但是挺好看大场面前的配乐段起始跟战神的配乐玩过都能听出来
fwb,3,2019-08-01 23:02:45,我看哪吒就是抱着观察代沟的角度去看的因为票圈零星金句所代表的片子主题不出我所料一定会打动网络时代活在众人庸众普世价值观无所不在凝视之中想要喘口气做回自己有没有自己另说的乖顺年轻人的心灵片子把这个故事所蕴含的原本直刺中国传统文化中最隆重的父母与孩子关系的惨烈故事柔化成了带入感极强小中产乖孩子主流心态的父母关系中做自己善战胜恶父母师傅为孩子奋不顾身一部不错的主流商业片为了支持国产动画片我不后悔花钱买票进影院对我来说最有趣的是观察今天能说服年轻人的场景想象像素精度以及中国动画片如何在迪士尼和日漫夹击中慢慢摸索自己审美语言的那个过渡
深邃,3,2019-07-31 17:28:21,价值观表达处理不好上限就在那儿了
红豆,5,2019-08-02 00:45:58,敖丙好帅好苏啊我对这种类型的男二简直无法抵抗
陈皮子安,3,2019-07-31 01:10:13,远远比不上老版哪吒闹海的个人主义对抗父权社会反规训的摇滚精神消耗殆尽取而代之的是集体主义认可和嬉皮笑脸最可怕的是将哪吒本身充沛的生命激情变为了邪恶又用家庭和集体相混淆的方式进行洗涤最后变为了父爱无疆友谊万岁与女权主义对个人自由和性情挥毫的压抑可见四十年来价值观的惊人变化
glim,4,2019-07-20 22:31:42,人不能认命不然就会变成他们希望你变成的样子
挪威耀阳,3,2019-07-17 23:15:36,终结者降生圆坑瓦力触碰星河喜剧之王自我修养三处迷影梗致敬以及片尾的三个彩蛋很哪吒
思郁,4,2019-07-26 14:44:59,国产动画能做到这种程度确实不错唯一的瑕疵在台词上动不动就想蹭网络段子和笑话容易出戏
Mumu,3,2019-07-29 06:16:34,都是上流社会在折腾愚民只有跪拜的份儿
Phaedo,2,2019-07-28 19:00:08,几乎迪士尼超英港片日漫等类型片的元素都有内核是好莱坞的选择支撑剧情的情感线也是好莱坞正确的父爱和日式的无人认可的友情感觉自己有些mean但看的过程中颇感不适相当vomitous不及港片远矣果然悟空传是难得的
影探探长,5,2019-07-13 21:08:29,点映加一星鼓励国漫真崛起要爆虽然有点槽点但整体不比大圣归来差宣发实在太差到现在演职员表只有导演一个人
砖头茅坑,2,2019-07-27 22:47:50,主题是父慈子孝原生家庭真香哪吒顶着黑眼圈成了熊孩子能砸你所有手办的那种不是所有动画电影里都要有丑角和笑话我觉得被导演伸手挠了
薇_尼卡,4,2019-07-13 18:07:57,比预告片好看很多片方不考虑重剪一版更燃的吗一旦接受了片中人物的语言抛梗设定看起来就蛮欢乐的贱贱的气质从头保持到彩蛋哪吒和敖丙的CP可以粉起来了嘻嘻嘻冰火两重天最后融为一体我到底在说什么反正是近期看的暑期片里质量不错的一部了适合大儿童观看
费电武,5,2019-07-22 14:14:03,算不算中国动画的新起点
汪金卫,4,2019-08-12 06:07:39,剧情中规中矩但细节丰富诚意十足歌颂自由反叛的精神弘扬主体思想批判愚民种族偏见还致敬恶搞终结者2音乐有买版权及周星驰喜剧角色性格丰富饱满动作戏分镜设计很用心这两点就比其他国产动画强再加上不露怯的CG水准确实值得鼓励相比催泪煽情的亲情戏最让我感动的角色却是被刻意安排扮丑的太乙真人在哪吒缺失父爱孤独迷茫的时候他用师父的关怀和教导陪伴哪吒成长甚至为他造了个独家迪士尼乐园陪他玩最后也牺牲了修行缺点低俗笑料过多哪吒熊孩子设定很讨人厌黑化转折太快片尾彩蛋拖沓反复出现的胡茬娘炮男不仅不好笑甚至有过度消费的恶心感无论技术还是剧情内涵理念国产动画还有很长的路要走三星半
女神的秋裤,5,2019-07-13 18:02:22,点映加一星鼓励国漫真崛起要爆虽然有点槽点但整体不比大圣归来差
JeffLivorno,3,2019-07-21 22:22:17,与时俱进的改编然内核却没有太多新意这剧本也未免太讨巧了精确地戳中各种网络爆点的同时还能有效下沉美强惨反派红蓝腐CP屎尿屁笑料再取笑sissy但里面的笑点实在是让我笑不出来印象分大减
王小叶儿,4,2019-07-19 13:04:48,我命由我不由天这不是第一部表达这个主题的动画但毫无疑问切中了我的燃点总有人跟你说你改变不了世界你只能改变自己周围人都不喜欢你那一定你的错后来又有人告诉你不要在乎留言蜚语勇敢做你自己但我喜欢的是这部片子用内容无比肯定地告诉你你的未来由你决定总有些人披着愚人的外壳肆意伤害你践行着他愚蠢他有理但你要知道你撑起的天你扛起的责任是为了你自己和你爱的人最后那些廉价的跪谁又真的在乎所谓社会的发展无非是用相对的不公平取代绝对的公平你不为自己争没人为你争
沐梵,4,2019-07-16 18:21:28,七月上旬看的点映让大伙畅所欲言于是见证了一场激烈的映后battle个人觉得虽然两组师徒四人关系张力欠奉但架不住人物弧光动人将哪吒与敖丙做成魔珠和灵珠的转世最终指向基因不能决定人生我命由我不由天的电影主题镜像关系颇有宿命感人物关系也颠覆了传统神话中哪吒对敖丙抽筋扒皮的模式哪吒作为一个反面英雄心理成长路线较为清晰导演又加入不少恶趣味增强喜剧效果总体而言完成度和观赏性都不错封神宇宙未来可期
冉笛,5,2019-07-20 10:30:05,小时候看封神演义竖排很多繁体字有点望文生畏但因为太喜欢我还是靠着猜囫囵吞枣看完了后来又如饥似渴地看了何威版本的封神榜当别人还在陶醉于新白娘子之际我总是很不屑很臭屁地怼道你们看的算个球我这个才叫经典再后来岁月流逝封神似也拍了N多个版本但再也换不起热情了但是饺子的这个动画如浩浩银河的熠熠生辉让我看到了一对最明亮的哪吒和敖丙也由此想起流火的同名小说不知导演是否看过也期待杨戬二郎神黄天化雷震子封神的少年英雄或许还可以加上灌篮高手和圣斗士瞬间照亮了恍若隔世的童年英雄梦虽想起来已有不胜唏嘘之感
音阙诗听,5,2019-07-26 21:50:22,太惊艳了完全颠覆有笑有泪烟熏妆哪吒真的好绝我太喜欢哪吒的人设了可爱又叛逆如果命运不公就和他斗到底太乙居然讲的四川话太逗了敖丙就一个字帅自古红蓝出cp嗷最后半小时视觉效果满分真的燃燃燃期待封神宇宙
proustalain,4,2019-07-20 18:23:36,其实主题还蛮直白老套的虽然禁不起事后咂摸好在剧作落地后的呈现效果藏拙成功观影过程中节奏一直被推着走几乎来不及察觉这些瑕疵倒是不错的寓教于乐方式父子情令我眼角滑落一滴眼泪期待封神大IP
O,3,2019-07-31 21:23:12,特效的确炫目但是内核精髓没了而且我不认为这版哪吒动画人物塑造的比老版好这种失去了中国味道的动画真的就是中国动画的进步吗另外一直卖丑搞笑这种习惯真的是大话西游看多了能别模仿了吗幽默搞笑扮丑作怪三星给龙太子吧
冰山的阴影,3,2019-07-28 23:52:10,当成作者电影看是杂糅了新旧两个主题的热血国漫旧的是反叛精神只不过哪吒的反叛对象从父权社会转移为个体命运新的是刻板偏见陈塘关百姓与天牢龙族皆不外如是这个哪吒的真身其实叫鸣人这个敖丙的真身其实叫佐助魔王其实不叫魔王叫九尾妖狐龙族其实不叫龙族而叫宇智波魔丸和灵珠就像阿修罗与因陀罗申公豹和太乙就像带土与卡卡西作为商业电影看笑料低俗并非问题但抖机灵和真幽默尚存差距社稷图的套层时空其实可以剪出最后一分钟营救爱踢毽子的小妹妹其实可以作为敖德萨阶梯上颠簸的婴儿
沉甸甸,3,2019-07-28 17:59:08,剧情神奇笑点尴尬中国神话里面统共就一个反抗父权的哪吒居然被改成这种父慈子不孝的变形计剧情你在逗我换个红孩儿都比这看着舒服敖丙美少年和龙族做错什么被你们李家这么折腾陈塘关居民怎么这么倒霉碰到这种总兵
indicenttime,4,2019-07-17 21:35:46,在大量动画电影乃至商业电影都逐渐温吞的时候看到这个在努力进取突破自己的动画电影还是很精喜的去掉明显是为了讨好路人而加入的笑料全片在主题贯彻上没有走多数商业片主题全都在嘴上的老路反而在动作设计和人物设计上做出自己特色接下来的封神宇宙真的很值得期待了
古斯塔沃,3,2019-07-19 10:48:10,哪吒之魔童降世在传统传说里脱胎出一个全新的故事和人物看起来反叛传统却保留着最中正的热血和感动一气呵成气质独立一个周星驰式的动画版的哪吒在这样的暑期档显得难能可贵画中修炼的部分虽然精彩却只是热闹了一番缺少了动画所才能呈现的超乎于故事审美之外那种惊艳缺少了一个真正嗨上去的高潮这一段想象力不够
TVZoe,3,2019-07-20 22:17:07,剧情完整度很高不容易但是笑料很尴尬高潮戏非常好长镜头打得眼花缭乱哪吒变身也很燃主题曲哪吒非常棒配乐也都不错但还是没大圣那么戳应该是因为没有男友力并且我不腐吧
陆冠均,5,2019-07-16 21:52:16,实名吹爆哪吒之魔童降世今年最好的国产动画电影已经诞生了没有明显短板亮点还特别突出娱乐性和思想性都相当出色期待正式公映后刷爆这个夏天
Pincent,3,2019-07-30 15:20:30,7Achildrenssongoficeandfire全部是拿来的包括重复大圣归来但仍然属于比较丰富的好莱坞式产品了逆天命的人不止一个但天庭到底是啥姿态呢没有血肉愚民的转变也不可信大量动作特效展示外缺乏更多的人物细节仿佛人物都在刻板地等待那个去标签化的时刻太主流了说教且不能放弃取悦那些会被这些段子取悦的观众一个娘炮梗至于反复使用吗完全形态都是网红脸还是小魔吒可爱些对经典大胆改编但那些经典真的值得被改动吗哪吒脑海挺好的
Memorimorti,5,2019-07-26 14:27:30,敖丙真的神似公子景
Tellulu,1,2019-07-20 20:56:05,我真是受够了这种屎尿屁笑点一点都不好笑好不好有的还很尴尬很恶心人啊
李白驴,5,2019-07-29 16:39:23,封神宇宙啊要来了
姜小白,5,2019-08-09 18:13:55,异于常人的天赋就易被区别对待大快人心锋芒毕露的反击解气刺激但累而疲惫因为反弹到的是全范围比别人经历不一样就能习得不一样的视野角度看似委屈的收敛克制实则聪明和气能减少反弹范围是的他们拿我当妖怪我还要为他们而战这太他妈憋屈了但只有克制收敛才能看明白真的不是为他们而战他们的存在而使自己更有意义哪怕是歧视敌视自我塑造是雕塑而非铸造原材料真的是随机性因此拖鞋太重要了实现人生意义真的离不开sacrifice什么文化氛围都是这样的selfsacrifice总是高贵珍惜的因为它本来可以快活的利己主义不扯犊子的话让人享受的电影
SebMia,4,2019-07-27 09:04:03,看到哪吒将银河补习班挤下马我就放心了祖国的花朵总算是得救了同样是讲教育哪吒只用心讲了一个道理命运并非天注定而是掌握在自己手里的却比银河乱七八糟讲了一大堆要有用百倍若不是为了迎合大众而刻意网络潮流化的台词和配音拖了后腿的话就真的值8分以上了7510四星鼓励
冰淇林黛玉,4,2019-07-28 19:56:57,好看技术过关但可以挖掘的深度没挖够哪吒有点浅同样要承受孤独与命运不公的敖丙也刻画得有点浅而且太像是日本或者美国更像美国电影了跟功夫熊猫或花木兰似的中国元素只是点缀而所有的国仇家恨悲剧宿命都化为了个人成长个人成长没什么不好只是看多了有点无聊
小V,5,2019-07-21 19:56:40,从头哭到尾泪中带笑看完回家需要再哭一小时才能平复心情
jakefang,2,2019-07-23 22:03:33,前一个小时充满了屎尿屁笑话让我根本无法入戏前一刻还在放屁撒尿方言结巴甩春晚热词下一刻又开始我要这天困不住我我要这地容得下我真是把我尬得梦回大圣归来同类型的魔童诞生又找回自我题材请看2012年的日本电影阿修罗看看什么叫好片国漫之光请好好打磨一下剧情和台词吧这几年国漫之光多得快亮瞎我眼了特效确实进步巨大加一星
V仔,3,2019-07-19 16:55:00,魔改版哪吒没那么好就是一个还行的水准反骨的内核把哪吒塑造成了一个孙悟空式的形象这样做虽然也没什么不好不过还是更希望看到一个本原的既叛逆又讨喜的哪吒形象而且文本上的笑料太恶俗和偏见了充斥着的笑话和故意歪曲的形象都让人感觉生理不适人物就不能好好说话了吗要吸引低领受众也不是这个办法呀只会显得很low倒是亲情线的展开算是不错的动画的工业感虽然还不能和好莱坞顶尖比但进步是很大的至少打斗戏的设计挺流畅场景的搭建也有些想象力在整体上是好看的如若能抛弃不适宜的喜剧表达可能会更好
残月带三星,3,2019-07-19 21:48:43,名过其实瑜难遮瑕看完非常不舒服
无人应答,5,2019-07-20 19:16:36,怎么肥四大概流了一盆眼泪强大的动画表现力富有想象的打斗设计充满宿命论的辩证既热血燃爆又感人至深期待封神榜宇宙
面包面条面饼,3,2019-08-04 12:06:23,第三个彩蛋倒胃口at博纳银兴
BrandonStark,5,2019-07-21 19:47:39,BGM让我想起权游片头讲故事能力强题材有点不对自己的胃口四星好评多一星给国漫加油哦
木由,4,2019-08-07 03:51:11,这件万龙甲啊太沉重了敖丙带着全体龙族的希望义字当先就这样冲进天劫了最后只剩一缕小烟魂实名请求封神宇宙给我龙族一个好结局别再虐了个人感觉龙族副线比主线更出彩加油啊封神宇宙
遮住脸就是帅逼,3,2019-07-20 22:21:22,说来也怪国产动画目前为止的一个怪圈就是画面优秀的剧情往往禁不起推敲剧本工整的画面制作上又难免粗糙说回电影本身的完成度是不错的贯彻全片的关键词就是偏见这同样是作为国产动画电影在尚不成熟的市场下面临的挑战如何打破偏见电影画面使用了许多与刻板印象反差强烈的艺术设计突破审美传统但同时强行插入一些违和感强烈的梗作为笑点导致最终反差是立住了却也一定程度上带来了视听语言不统一的问题
比多,1,2019-07-31 23:56:36,当哪吒说这是我爸教我的时吐了难怪人民日报和央视夸这么懂事的哪吒也是难得我只想问我命真的由我吗
狄飞惊,4,2019-07-30 13:09:49,红孩儿孙悟空猪八戒花无缺与之对应的致敬元素是以周星驰为代表的颠覆性和无厘头思维以徐克为代表的后港片时代的技术理念前网络时代的武侠烙印乃至一代人的迷影记忆拼贴总体来看所有的料都是拿来主义但做得相当丰富了
超cute侠,3,2019-07-28 00:14:54,不是说颠覆经典不好只是原著里剔骨还父的决绝变成了父子乡亲大和解嘴上说着我命由我不由天实际上反骨已被磨平这样的哪吒不再是那个对抗父权对抗体制的个体成了被招安被主流的英雄投射这种泯然众人的个性设计有些令人失望而且略显粗俗的笑点有讨好大众之嫌令影片的气质也不土不洋三星还是给技术配音也是糟糕
王神爱,4,2019-07-31 23:53:13,哪吒的配音要是真实小男孩配就好了为啥总让女声夹起来配孩子呢金吒木吒好惨直接没了
WSalom,3,2019-07-27 01:01:50,外表精致完美的动画制作不是内核粗鄙混乱的遮羞布想要立意深刻却又怕不够迎合大众整部电影全在这矛盾之中摇摆打动不了人
扬沙,3,2019-07-22 10:02:40,那个少年时代反抗父权的偶像扑通一下跪在了新时代父母的面前好啦好啦你不反感是因为你长大啦
李厂长,5,2019-07-20 21:11:10,超好看啊我的妈呀等不及结束先五分预订大周末的竟然包场了就仨人又不吵又不闹腾我一般在电影院不会哭上次还是魁拔给我看哭这个真的是值得二刷什么都好哎呀看得我要回家画画
盲忙,2,2019-08-08 20:52:26,两位少年在海边的夕阳下踢毽子那画面太美但这也是唯一喜欢的点了故事足够完整制作也算精良重要的是足够的娱乐化但我始终无法接受把这样原本一个厚重的故事完全好莱坞化你那么能干创造一个自己的IP啊干嘛要蹭呢那几句口号式的台词喊出来我更是尴尬到要钻到地缝里去你本来就是天的产物没有天能有你那一身功夫吗可笑的是一个神却口口声声说自己是无神论更可怕的是这个哪吒又丑又愣还多动症完全无法接受
Johny,5,2019-07-20 08:35:22,看了大半年的电影院放映前广告我是小妖怪逍遥又自在杀人不眨眼终于看到片子了看到吒儿变好还真是别扭他要是一直邪性那多可爱啊特喜欢殷夫人的配音又贱又有母性影片四星脑残给五星
,4,2019-07-28 11:19:01,飞猪app给钱了吗
小烨,5,2019-07-17 21:47:25,可能预期太高心理有落差不过的确是近年来在国内院线看到的最好的国产动画父子情让人落泪社会主义兄弟情也很感人我命由我主题非常好然而这个故事告诉我们想要不认命跟天斗即便有个能上天庭的好爹有个能下深海的好基友吸收了天地灵气强如哪吒斗到最后也只能剩下一缕魂魄
瑞波恩,5,2019-07-26 15:54:46,五星鼓励吧不能说毫无遗憾或什么国漫巅峰之作的大话但论画风论诚意论剧情论立意与整体感觉都是国漫近年来难得一见的精品哪吒的人生本来就是不认命的人生要与厄运对抗义无反顾看得出饺子是有实力与想法的青年导演不落俗套的大胆改编天马行空的想象力殊为可贵期待他未来的发展
注水龙,4,2019-07-17 23:24:04,意外的好看如此颠覆性的改编魔改消解了传统哪吒故事中的宿命色彩和弑父情怀让哪吒喊出我命由我不由天便是最好的证明也让这部动画更加适合全家观赏导演也很好地平衡了喜剧和悲情的关系最后煽情也是水到渠成力抵千钧节奏顺滑人物个性鲜明戏剧冲突精准有力商业元素一应俱全比如把传统的绝对反派敖丙改成了相生相伴的基友宿敌满足广大cp粉喜剧部分不尴尬3D效果极为扎实还出现了国产动画中极为少见的炫技式长镜头我想问问各位如今哪部国产动画能做到这种水平它值得赢取满堂喝彩
陆源,4,2019-07-20 22:31:09,渡劫是为了修仙修仙是为了渡劫渡劫是一门大学问是修仙宇宙的本体论
小牛,5,2019-07-19 12:53:57,自古红蓝出CP藕饼组合得我心为国产动画产业的未来祝福为民族工业的强大点赞
王恶,5,2019-07-27 00:14:04,我做过四个有关哪吒的项目总是各种原因没成无关哪吒的项目成活率90有关哪吒的项目成活率0可是其他项目我做完就忘了哪吒的故事始终倒背如流前年甚至做了一个类似勇者义彦的太乙真人是一个神仙体系山海经无厘头的单元剧影视行业最缺的是信任感安全感我没有名气所以没人为我的idea投钱这就是我看电影时想到的全部我没有名气是我亟待解决的问题
六个月的夏天,3,2019-07-22 09:38:07,理智一点3星半没粉丝夸的那么惊喜不少笑点很低幼几句台词也恶俗哪吒吒娘配音听着不舒服剧情可没那么有意思但整体还算值回票价
狮子,5,2019-07-21 22:15:07,没有之一今年暑期档最强作品这还是我第一次看到有个国产动画片评分蹭蹭涨的剧情的张力足够节奏把控的很好很抓人剧本写得相当棒台词浅显易懂搞笑不断又有一些拔高人物之间的羁绊强年轻人们喜欢这CP已经分分钟组了起来年长的人也乐于听到命运是自己的而不是别人这样的话题不牵强不刻意而且也不曲高和寡不是那种神作而是真正的好电影希望能大卖明年我要看你们家的姜子牙
文森特九六,3,2019-08-01 21:55:02,咱也不敢说咱也不敢问
沈入忘,5,2019-07-27 18:36:24,各方面来说都很成熟啊好看看到友邻吐槽父子躬亲觉得违和但我觉得这个动画应该说是哪吒的架空动画吧和本来的传说没啥关系了而且内核我觉得是天地不仁以万物为刍狗吧不要怂是真的一个个都身不由己也是真的至于我命由我不由天就只能说是精神上的胜利了吧
FinalHyperion,3,2019-07-27 01:36:57,这片没有编剧或者有一百个甲方灵机一动
降落伞,2,2019-07-27 00:06:03,太扯了我觉得完全没有任何意义的一部电影我想知道故事是闹着玩的吗一会严肃一会又有点搞笑台词故事发展云里雾里每次说到国产动画的时候大家都会跟支持国货似得有一种民族情结但是东西还是要看东西的不能国产就要喷的我觉得跟大圣归来都不是一个级别更何况跟别的比了
雨夜飞行,5,2019-07-11 22:58:47,看完电影后我望着地铁上不断踢我腿的熊孩子露出了慈父般的微笑多少年了第一次在国产新动画里看到这么好看的一个故事感觉自己欣慰的像个老父亲
K先生,2,2019-07-29 19:10:02,小学作文式的文本所有角色都是NPC最喜欢的是干冰压城的想法至于哪吒有态度和情绪但木有自己啊
思路乐,4,2019-07-17 22:10:49,B超越大圣归来成为近五年来我心中的国漫最佳画面上的惊喜度真的超乎我想象很多关于神灵道具的画面呈现与其背后所体现出的创作人员的想象力也令我意外山河社稷图风火轮弹球游戏动作场面更是一流水准酣畅淋漓十分过瘾而更难得的是叙事上的扎实与创新在叙事节奏上哪吒要比大圣和白蛇好太多太多了这也是观感上强于后两者的主要原因而戏谑性质的颠覆性改编也要比他们更加流畅自然对于命运的反抗和对自身的坚守这些主题本片可以说展现的非常完整尽管仍然存在着很多过度安插笑点和配音的问题仍然不失为一部佳作
行所在,2,2019-07-30 16:12:40,一副战狼的风范
寒狐传媒,4,2019-08-05 20:49:29,青春期叛逆治疗典范不少梗
你看起来很美味,5,2019-07-23 17:36:23,没什么好说的我觉得是我目前在电影院里看到过的最好的动画电影没有之一
本位,2,2019-07-20 23:03:02,段子对叙事节奏的影响挺大的有些场景还会专门把镜头移过去看一个角色说段子
麦小白,4,2019-07-18 23:56:55,看完开始期待封神宇宙了无厘头卖萌鸡汤热血商业动画片的黄金配方一个不落像一道菜每味佐料的比例都拿捏得恰到好处是一道色香味俱佳的国民菜今年暑期档爆款预订没跑了自来水推一波
zjj,3,2019-07-20 19:28:04,不是哪吒
似水流年,4,2019-07-17 22:21:59,其实够不到四星但它在完成度和视觉想象力的基础上相比之前几部高口碑国产动画都更有主题深度但又有所顾忌既不愿意一黑到底也想不出情节做升华性的诠释编不下去了就把最内核的价值冲突留到彩蛋里甩给下一部结尾则利用共情过渡到主流价值完成和解喜剧思维也过于低级
近似无限透明的蓝色,2,2019-07-31 21:04:22,真的很讨厌对周星驰的复制与模仿它让一切笑点变得廉价又无趣巨婴双生宿命的元素有新意可惜都只是点到即止与哪吒闹海相比锐利性荡然无存骨肉全都还你的叛逆呐喊演变成父子间和解的鸡汤没有骨皮画得再美丽也是枉然想想无极的年代多年来技术层面令人目眩神迷叙事却依旧是扶不上壁的烂泥这不是烂只能说是另一种的怒其不争
武侠小王子,4,2019-07-27 21:39:32,被成见操纵的人民群众才是哪吒最大的敌人
老阿飞故园,4,2019-07-28 03:49:51,成熟的商业动画故事上用绝代双骄解构了哪吒闹海所有角色的塑造和相互关系都很用心的进行了设计所有角色无论大小都给定了很有记忆点的特征不管是否脸谱化所有角色的动机和对剧情的推动都很合理内核虽然是寻找自我的无国界少年成长命题但是角色刻画却是相当中国的比如慈母严父如果说白蛇是青年向爱情片哪吒基本就是热血少年番了这两部动画基本上树立起了国产影院动画的标杆就跟流浪地球树立国产科幻片的标杆一样但是虽然很多情节和场景在观看时候都很有冲击感但是看完再回想却没有特别深刻的印象
⒆酉,3,2019-07-27 06:16:12,中肯的说一句这部电影只能算一般吹爆天的是剧情是我们太缺乏好编剧了吗稍微一改编就动画要崛起哪里崛起一个满是段子的动画不靠画面不靠特效就算崛起那脸谱化的人物无力吐槽老套的情节无力吐槽看完很失望这个动画只能算是一般却被吹上了天好吧我不想说了以丑为美的审美观好像成了唯一的特色脸谱化小鲜肉的龙王熬丙迎合着现在社会的垃圾审美这真不是动画的巅峰
小米qdmimi,4,2019-08-12 02:16:29,认真想了想好在哪戏剧性其实变弱了成人化程度也降低了完整性因为是头一部也谈不上一句由我不由天感觉也用错了地儿可人物设定真能灭一切啊原本看到黑眼圈小痞子的模样觉得为了博眼球净瞎改如今再看到粉嘟嫩藕原版恨不得一拳捣成个青眼这就厉害了像是至尊宝只是借了大圣的皮囊骨子里全是重塑和新生这路数倒是真适合哪吒只希望下一部里他别变成了孙猴子的翻版
Q,3,2019-08-01 08:47:52,看得出进步明显的动画制作但故事设计与并不好笑段子堆砌还是不免使人尴尬
二火山,4,2019-07-14 21:30:21,哪吒之风云必胜内核对应了雄霸那句老夫要逆天改命这类国产动画终于能按电影的节奏讲好一个故事了哪吒和敖丙的CP分明参考的就是鸣人和佐助啊特别好磕定了尬着尬着就笑了国产动画第一次直白地出现了熊gay这部铺了这么多想做封神宇宙的话也别三部曲了根本讲不完就学漫威那样拍上十部吧
Philia,5,2019-07-20 20:46:54,对于喜爱79版哪吒闹海的观众来说魔童的形象必定是极为另类的但与其说它是一种颠覆不如说它是一道补充尤其是哪吒与李靖敖丙的扩写都在传递中华文化的价值取向奉献与担当以及更重要的我命由我不由天它不仅是一部神话动画也是一部亲子电影还是一部教育电影片片中一些刻意的搞笑我不喜欢娘娘腔等但李靖人设我非常可以所以打平值得指出的还有人民这一符号在魔童这里是非常有意思的一方面人民是他疯魔的外在诱因另一方面却也成了自我的尺度更加富有政治意味的则是龙族归顺天庭和申公豹意欲封神
lol,2,2019-07-31 13:56:26,吹过头了
所有团的团长,5,2019-07-20 17:36:46,我先大喊三声牛逼牛逼牛逼然后我的评价就8个字史上最佳买票去看
小夏TOKYO,2,2019-07-22 13:09:37,国漫的制作水平已经是完全没问题但低智化的台词与网络桥段让我尴尬国产动画包袱低俗的毛病什么时候能改去年风语咒也是抖机灵抖得太厉害最后口碑平平在哪吒中同样存在这样的问题比如夫人开场的粗犷和后面的圣母光环壮汉娘娘腔裤裆里掏武器等以无厘头电影的形式强行加入简直是喧哗取宠这些笑料看的并不舒服而是尴尬这一点编剧难辞其咎也反映了当下国内动画创作者的一些普遍窘境如何能在主题较沉重的基础上让观众保持愉快的心情来观赏作品效果往往用力过猛又一次高举国产动画良心的大旗之前我好奇的是我们的良心动画为什么非得加入那些尴尬又低级的网络段子式笑料难道非得把自己打扮成一半臃胂粗鄙一半热血激昂的割裂模样才足以迎合主流观众的口味吗
老罗Lazzaro,4,2019-07-18 22:32:44,点映画风似白蛇哪吒和龙宫反形象暗黑设计加分角色立体有魂动作流畅丰富彩蛋还埋续作伏笔主旨在于不要在意旁人眼光要一鸣惊人但故事还是有些低于预期
Bearkiii,5,2019-07-21 17:47:28,近十年国产动画电影最佳但是对票房持谨慎悲观态度和基友所有团的团长打了个赌如果票房过10亿我给他发1000块钱红包请大家让我输谢谢
santawhale,4,2019-07-20 17:34:48,陈塘关小鱼儿与花无缺绝了哈哈哈
叁又木,3,2019-08-03 23:49:55,浓郁racism大背景下的命运错位和俩racetraitors间的爱恨纠葛整体绘画风格还是偏网游敖丙和成年哪吒都是锥子脸回看还是不大经得住细品比较喜欢画卷里的那部分想象力无论天上还是人间还是四川人巴适真想玩一把胖师傅开发的云霄飞车啊至于故事初看还好回想时只觉得敖丙可怜李靖可恶而哪吒切换视角后不就是神仙届的银枪小霸王李天一么哎
羚羊的灵魂,4,2019-07-16 17:46:35,尽管改编的挺好的但我就贼想看哪吒闹海原封不动的变成三维动画
科林,4,2019-08-21 12:39:49,绝代双骄之冰火两重天
,4,2019-08-03 00:27:09,好不好看先不说反正当今所谓崛起的国漫的人物创造永远脱离不了孙悟空白蛇这些在影视动画中用烂的形象了这不哪吒小朋友也来了下一个会是谁呢希望能有更多像大鱼海棠一样作品出现
薛定谔的薛,2,2019-07-22 09:05:26,优点毫无争议画面渲染的很棒画风也独特缺点是人物形象扁平故事情节简单口号式升华主题
Administrator,3,2019-07-20 23:09:30,不忍心批评因为很多东西已经做得足够好了社稷图等等想象力相当可以搞笑比较低级这个问题还好但大剧情的逻辑设计和关键节点设计都十分糟糕靠着良好的节奏能糊弄过去了
YQYVader,3,2019-07-18 22:22:09,期待过高有点失望其实所有的悲剧性也都是原著神话故事中所拥有的而进行改编的地方其实漏洞百出这样的宿命论故事其实在近年来的漫威DC也都有体现本质还是超英电影但不得不称赞动画制作水平非常优秀打斗呼吸感十足整体意识在国产三维动画里也是顶尖大家集体称赞剧本够硬实际证明了中国神话故事的确大有可挖之处期待封神宇宙
伪文科生,3,2019-07-19 23:11:46,有点鸡肋食之无味弃之可惜不要过于相信预告片预告片把全片口号都喊出来了然而正片没有这么精彩
亲爱的猥琐猪,4,2019-07-27 22:57:29,制作几乎是无可挑剔的炫酷霸气甚而有为炫技而安排的画中游悬崖夺笔等桥段但静下来想一想又会感到空虚热血高校浪子回头的哪吒说一口四川普通话模仿哆啦A梦或是阿松里大裤衩的太乙BL古风文常见受的龙太子各种迪士尼式的怪和配角笑点和泪点也是几乎刚开始布局就知道最终导向何处一句我命由我不由天虽然热血但又很套路另一个导向也不太喜欢就是堆特效更大更强更亮几乎到光污染这么爆发的震撼不如哪吒闹海里回头自刎的静与小最后把一个非常有社会话题与道德哲学意义的故事简化为个人的奋斗表面是革新实则是浅显了这种故事新编在短期内会由于玩梗与接地气而有趣但没有真正持久的美的生命力希望以后能看到更大的进步
国王KING,4,2019-07-28 14:17:13,魔改的剧情还不错原作的暴虐减轻了点不过我看到最后还是不喜欢哪吒形象
荒淫少女朴赞郁,3,2019-07-19 21:46:14,全程冷漠脸最近这种套路的电影真的看的完全无感哎吃的多了嘴就叼了故事和技术都挺好的可就是吃不下了
null,3,2019-07-21 23:36:05,考虑儿童片定位三颗半到四星是没问题的现在分数虚高所以三颗星吧最大的悖论是结局全片都在说不要在意别人的看法最终的happyending在于哪吒终于得到了世人的认可全崩但不细想就还好特效出色但无惊喜httptcnAillz7Yd
弗朗索瓦张,5,2019-07-23 19:37:09,我对动画片一向要求很高很多好评如潮的动画都让我冷漠jpg但是这部哪吒不禁从技术运镜节奏上吊打我的想象力更难得的是把哪吒这个传统故事讲出了冰雪奇缘水准的精神内核并且在爆笑指数和煽情指数上都让人不得不想起寄生虫一部让人可以自豪地拿出去介绍中国电影的动画片
大海里的针,5,2019-07-29 17:09:13,太棒了吧希望国外也上映一下
飞天御剑流,4,2019-07-27 16:13:58,真敢做啊海边聊天光是一个海滩的外包1W以下我不接的啊
胖官赵,4,2019-07-14 17:37:27,技术故事主题都有了且把悟空传电影版没有做到的我命由我不由天完全贯彻了个彻底哪吒红孩儿二郎神孙悟空都是中国神话里值得深挖的人物普世性从上古穿透到现代无论神性魔性人性只要胶着在一起永远会有说不尽的故事不存在颠覆不颠覆最颠覆的反倒是配角龙族诙谐比沉重占比更大论感人程度没有预告片那么强烈哪吒X敖丙我多年没磕到如此绝美的CP了简直令人尖叫的程度编剧绝对资深耽美读者彩条屋应该是用这部片来唤起大家对封神之姜子牙的期待乌尔善表示压力山大
晚安好运,4,2019-08-02 22:43:56,哪吒与红孩儿傻傻地分不清
烈,3,2019-08-03 17:35:06,主体线太封建了父母为子女而死子女抢着为父母死朋友争先死试问这样的关系怎么会有自我和自由
基闹,3,2019-07-31 23:29:11,这么好磕的一对CP被浪费了导演似乎并不了解什么叫羁绊同根同源一卵双生一个是宿命一个是责任总觉得这样的设定可以有更多可能性更多冲突感而不是仅因为这样儿戏的理解和简单的感动就能携手赴死了
影杂志,4,2019-07-18 21:58:59,2019年目前最佳国产电影哭了两次大笑了无数次这部电影将会和钢铁侠开启漫威宇宙一样开启封神宇宙未来很多年我们将追着这个系列看真可怕啊
呱啦啦,5,2019-07-26 21:00:26,迄今最成熟的国产商业剧场动画比大圣归来和大护法完成度都高
SELVEN,4,2019-07-27 20:57:12,75100故事写得非常的成熟自我认同的主要剧情为人父母为人朋友的次要剧情都做了充分且真诚的表达人物动作设计如果能摆脱装腔作势的坏毛病对我来说就可以算得上杰作
扶不起先生,5,2019-07-20 18:31:23,颠覆传统的神话故事留下大体框架作为依托叙事上掺杂着周氏无厘头的风格将耳熟能详的故事推陈出新人物设定饱满有度不局限于单纯的善恶用高超的特效去吸引观众的眼球用原创的故事去激发观众的想象老少皆宜的改编足以开创新的天地尘封的文化桂宝被另类的成功解锁不掺杂任何鼓励与同情这是近几年来最佳的国产动画电影
TygerTyger,3,2019-08-04 23:10:25,昨晚看了初看哪吒新面孔不说一百个也有四十七个不情愿突然想到新版的不是拍给四十年前在影院看闹海的我看的要说哪吒形象也并非只定于闹海一尊起码之前也还有大闹天宫的造型换了我是导演选择与其叫你看不起不如让你看不惯也在预料之中这样一想小捣蛋的脸似乎又忍得下去一点也渐渐看明白导演悄悄向闹海版致敬的手势长着同一张面孔的家丁和夜叉在这个意义上我给七分
披着人皮的鬼,4,2019-07-23 19:55:27,比大圣好出一个白蛇
dreamwithdread,3,2019-07-22 02:59:21,评分虚高了前半部分无聊得我咕噜咕噜不停喝奶茶后半截稍有改观但意料中的剧情远不及预期惊喜不是没有但还是期待国漫能抛弃裹挟情怀的宣传实打实地以质取胜的一天
街坊饿霸,4,2019-07-19 20:37:04,挺好看但也很鸡贼
枯草已注销,4,2019-07-28 20:32:58,毕竟我们已经不是反抗皆祸害父母的小孩而是要驯化熊孩纸的父母了还好我不是所以立场180大转但赚的还是同一批人的钱技术真的厉害动态简直要赶上蜘蛛侠了李靖夫妇差不多就是郭靖夫妇
维雪魂,5,2019-07-17 21:50:29,B有瑕疵但整体还是惊喜更多
有朵奇葩的云,5,2019-07-27 00:45:43,实名diss首页热评第一的熊猫大叔单从几张海报就说是烂片无疑肤浅的见识打出的字都有语病什么基本完全你又有什么资格代表成人说不能接受这样的设定撞壁要有度你随便几句话就可以在电影上映前否定制作人员的心血
豆芽儿,5,2019-07-17 21:15:03,想让全世界都来看我们的哪吒
glow,5,2019-07-21 18:34:34,可以说是年度国产电影最佳了开始没看的时候看到网友评分这么高还在想是不是虚高现在看完不是的真的很喜欢这个改编除了那些村民听风就是风听风雨就是雨每个人的人物设定都立得住龙族太惨了敖丙太帅了哪吒变身之后也是帅没变身的时候是个腹黑娃娃当年还在上大学的时候就看过导演的打个大西瓜一个不是科班出身就因为爱好做了短片到今年当了导演做了长篇说实话真的很佩服他应该还是有下一集的吧期待吧
SleepWalker,4,2019-07-17 22:29:17,出人意料的精彩年度超级黑马即将诞生把哪吒塑造成一个孙悟空般的反英雄角色颠覆成功文本层面上仍未摆脱国漫故事薄弱的老毛病为了赶进度编排了最典型的三幕结构造成深度有限我命由我不由天这种主题幼稚且口号化几处台词极其违和为了制造笑点反而使故事脱节从技术上讲它也绝不是国产动画的总统山依然是场景精美而人物粗糙但整体看它仍然是出色的因为优势太明显其一是惊艳的动作设计初入山河社稷图可以入选年度最佳段落这个场景的分镜是主创想象力一次水银泻地般的展示片尾则以缩略宏观的形式再次惊艳了一把游戏感十足中段水夜叉的追逐打斗戏也下了功夫其二是将近半小时的第三幕始终保持快节奏的连续打斗牢牢把控住观众情绪哪吒两次变身是截然不同的气氛渲染一惊一喜全部燃爆
烤芬,2,2019-07-28 00:13:10,四年后做出了个还不如大圣的大圣这就没什么好尬吹的了吧
Sinkbridge,3,2019-07-21 19:54:10,37太乙真人和哪吒有突破外其余角色都格外扁平置换了内核仙魔与否在于自我认同当年那种剔骨还父的叛逆与挣脱已经被外化成痞样红蓝出CP挺无趣的敖丙的转变相当立不住
丹朱AI,3,2019-08-05 17:05:39,敖丙好美啊我懂了大家为什么萌藕饼CP了不过敖丙这样修长的身材不是该用剑吗两个大锤子是什么鬼改编很温暖但是我还是更喜欢那个割肉还母剔骨还父的哪吒
不死机,3,2019-07-27 14:59:57,反命不反天一个修正主义哪吒
kakakarl,4,2019-07-11 21:27:35,开始看方言笑点很多形象在卖萌觉得堆砌得有点多但是随着剧情深入不断解构哪吒在得知李靖决定以命换命的时候开始哭我命由我不由天关于偏见和刻板印象无论是魔丸哪吒豹妖申公豹还是龙族都是偏见和刻板最后共同抗击天雷就相当于抗拒天命我能成为谁只有我自己能说了算哪吒和敖丙cp同人文预定彩蛋的设计也很萌原来姜子牙是系列下一部封神宇宙开启了
暗号大老爷,4,2019-07-14 23:59:51,在陈塘关口见敖丙气坏了哪吒小将军某自幼魔丸入了身偶遇着太乙老真人某中了敖丙的离间计俺变化了申公豹捅他后庭弃暗投明来修心食娘的哺喂当报爷的恩孝当报过仁心尽再与那真人把话云一不用战鼓咚咚打二不用副将随后跟只要火尖一杆枪红绫金圈风火轮十分钟内得了胜你把莲花塑了某的身十分钟内不得胜陈塘百姓化埃尘来来来带过爷的风火轮摇板我要把拉莱耶一扫平
言,2,2019-07-31 18:38:05,宣传过了实力被吹爆但是硬核很弱说白了就是网络烂梗加俩小孩打架水淹陈塘关理由牵强高潮强行煽情如果没有这么火的宣传还不至于这么失望特效是厉害了但是故事也要多打磨
可爱不多,2,2019-07-22 16:36:45,也许可能大概还不错吧只是不合我口味这种网络段子顺口溜的对白裤裆掏抢的梗看清楚人物设定就能猜到后面要怎么洗白说教的剧情真的接受无能制作水准倒是够格对白和剧情更像是网大的风格这样剧本拿什么跟大圣比啊
Eco,4,2019-08-03 23:55:40,三星半标准的7分电影首先电影完成度很高不管是编剧角度的起承转合爆点引入高潮铺垫都达到很好的工业标准另外人物情感父子母子情友情铺垫充分感情合理可信其次电影特效上放之国漫序列里算不上最出色的甚至赶不上徐克的贺岁档电影比如西游伏妖但个别场景原也算是惊艳了与敖丙海边打斗揭龙鳞变身赛亚人部分再次对于传统元素开发上小细节做的很好有解构有创新至于被某些网友影评人诟病的对经典哪吒形象的解构对反叛的弱化过于强调个人英雄主义这部电影的确是时代的镜像天下熙熙虽然能看出导演对整部电影的打磨与良苦用心但我们依稀能够看出一些潜移默化的主流价值观上面这句话似乎预设了对主流价值观的某种鄙夷这又成了某种政治不正确了总之在警醒的同时不吝啬赞美
尿裤侠,5,2019-07-13 21:48:56,吹爆角色够帅故事够燃人物够酷场景够美情感够充沛动作戏和情感戏都做的十分出彩电影想表达的主题也足够深刻连国产动画最遭人诟病的剧本差的问题也在这一部电影中得到非常大的改变角色塑造很成功形象性格台词都能站得住脚故事改编富有新意各种极富小心思的设计数不胜数比如非常有动画感的一些配角道具场景视效质量美轮美奂东方美学被发挥的淋漓尽致前期美术和编剧的功力可见一斑甚至中期后期的制作水平即使和同类型影片比也数一数二
Z星驰007,5,2019-08-03 13:42:22,太炸裂了视觉效果做的一级棒音乐更是好燃情的时候异常炸裂煽情也是一煽就能搞湿眼眶最重要是故事写的很精彩哪吒的逆天改命敖丙的悲情命运另外再次强调星爷才是真正的喜剧之王星爷的搞笑手段就算是抄只要用心也同样可以成为电影点睛的高级的喜剧桥段
小爱,5,2019-07-13 17:19:10,43星有些人设非常TimBurton剧本没完成也许故事会在姜子牙里继续搞笑部分有时太尬以及哪吒宝宝小时候太丧太痞接受不能然鹅挣脱了乾坤圈的成魔哪吒实在是过于狂气冲天霸气爆表帅到我头脑空白动画史上最颠覆的哪吒值得这五颗星
躲猫猫社社长,1,2019-08-02 23:51:18,这故事让我生理不适天劫不就是民主自由现代化么绝代双骄这种手动阻止大洪水的行为我是不服气的不把爹娘宰了恩断义绝滚你妈蛋的哪吒还是哪吒么不是所以fuckoff是我是脑残
菲驴驴,4,2019-07-19 23:43:45,申公豹也是在抗命啊最大的boss难道不是元始天尊嘛他和天庭埋下全剧的所有矛盾然后几乎缺席了整个剧剩下的都是群众内斗
解放西井斯塔,4,2019-08-03 17:14:00,不幸被纪录片放映员猪飞骑给圈粉大决战简直冰与火之歌特别喜欢画卷内四人抢笔那一段不管能否接受这样的画风巨变哪吒是丑了点部分情节恶俗也必须承认它跟上了世界电影工业潮流也让人看到中国动画技术的潜力
K,5,2019-07-29 16:05:28,甩迪斯尼好几条街技术已经达到顶级水平故事改编得有趣有人情味可惜哪吒好丑为中国国产动画的进步感到骄傲致敬每一个为中国动画努力拼搏的人
,3,2019-07-19 11:33:54,画面和动作戏都很不错但是台词差点劝退我笑点低幼烂俗中心思想换着句式说十次像拍给小孩子看的对剧情也有疑问为什么龙族要用培养一个妖族上天庭的方式来反抗天庭
嘟角,3,2019-07-25 10:06:18,难道不觉得尴尬吗
谢谷艾,3,2019-07-21 02:05:13,全场唯一get到的帅点在哪吒解开乾坤圈套进手里那边笑点很多都是台词引导感觉一般
再起不能,2,2019-08-02 00:30:59,本来故事就差还不学好学偏去漫威讲不好笑的尴尬笑话
sonicmonk,2,2019-07-28 12:13:29,国产动画电影的场景特效都进步到很不错了为何人物还是这样丑不是怪异特别就是单纯的丑设计丑个别设计不那么丑得人物满脸硅胶质感太奇怪了不过这也是各有喜好非千篇一律的形象也算得上好事我也非常接受这是一个完全脱离原版的新的哪吒故事打低分的主要原因是这片太多地方用上陈年低俗段子来刻意挠你痒痒笑不出来还影响节奏和观感感觉是拍给十岁以下观众看的但我客观想了一下即使二十多年前的我自己按照当时的好恶和审美也不会喜欢的
穿山,5,2019-07-19 22:56:12,真香爆款入股不亏可能是近五年的最佳国产动画大圣和哪吒都是道家美强惨顶流反叛型超级英雄哪吒传奇性更甚在于挣脱伦常打破秩序但现在这文化大环境也不好按原版整所以魔改出了一条跳脱命运悲喜剧的新路天命难违偏要违破除成见解心魔谁能想到最承袭悟空传精神的影视作品是这部呢当然少不了和大圣归来比大圣还有瘸腿的项目到了哪吒各方面的完成度都很高跟迪皮放一起也不觉得露怯啊之前放低期待的笑点超出预料有不少方言网络用语现代科技的挪用低俗梗不过分整体接地气抓人心观影气氛特好反派龙族安上了情有可原的政治前史背负太多且有殉道倾向的敖丙小哥哥是年度银幕心动boy了太乙真人请去做游乐设施设计师超人总动员的冰酷侠都没你会玩看裤裆还用了死吻梗点个赞
,4,2019-07-21 21:00:03,个人觉得搞笑桥段比较尬但是总体比想象中好一些上海美影版固然经典但其实也不用纠结这一版改编里人物关系的改变要讲的东西不一样彩条屋封神宇宙值得期待
有寂,2,2019-08-02 16:50:03,大喊自由意志实则无法无天的国漫超级英雄骨子里还是中国古代哲学里最虚伪的那一套从恶童到妇联太多影子不知道评分为何这么高就好像不知道敖丙究竟做了什么要被人人喊打或许是因为哪吒这个ip本身就足够感人至深反正我心目中的哪吒绝不是操着京腔的混世魔王而是那个身心澄澈雨中自刎的少年今朝三头六臂身后莲花盛开他的背影便足够顶天立地却不得不在这个时代和齐天大圣一起消失在东海
虚杜,1,2019-07-27 23:53:59,你家扎儿你全家都扎儿
氯化银溶解,3,2019-07-26 18:28:09,C作为一部低幼向的动画不要求台词多高深只希望不要太烂俗网络段子式的人物对话不可取
鹰小子,5,2019-07-19 11:54:27,15年的大圣归来巨大成功今年的哪吒高口碑迅速扩散明年的姜子牙万众举目事实证明中国神话大IP就是一个一直以来被忽略的有着巨大利益的超级大IP资本们赶紧动手抢啊周边做起来啊动漫产业链啊赶紧上啊我们是拥有五千年神话的国家啊成熟一点啊急死我了
24city,5,2019-07-21 19:00:28,拍的太棒了人设的重塑内核的升华精致的视效和故事上老少皆宜的通俗不端着但也不low恰到好处的拿捏真正的国漫之光
1984,3,2019-07-31 13:23:36,到最后也没解决哪吒的戾气此外各位能不能别那么容易下跪
异端云术,3,2019-07-27 17:42:07,不能接受哪吒被蔡徐坤改了命
梦里诗书,5,2019-07-22 19:08:43,基于哪吒传说的颠覆式改编哪吒之魔童降世充沛的剧情构思下电影有着打动人心的羁绊有着催人泪目的亲情有着关乎自我认知的觉醒更还有着哪吒我命由我不由天热血的反叛意识这部足以让人为之瞠目的国产动画令人见证的不再仅是国漫的崛起而是国漫拥有了真正能与好莱坞动画佳作相媲美的灵魂
莫亚,5,2019-07-20 19:11:51,好真好特别好说比大圣归来好吧我不认我有悟空滤镜但是真的很棒笑点很密哭点忍不住的那种看完小姐姐都在问妆花了没设计的超有点不能剧透但是每一个人物都出彩有特点中间一度好生气超级心疼哪吒能力没有好坏之分是看你如何使用它父母之爱子真的很动人太极生两仪很中国彩蛋有三个但是最后一个是姜子牙广告讲真的中国古代神话故事这个max级别的IP生生代代也看不够
本味何知,5,2019-07-19 22:28:54,对哪吒形象的又一次重构原著版是纯熊孩子上美版是造反青年央视版是英雄少年这版是爽文热血逆天中二总的来说和我的认知有出入且缺少回味的空间五星是给技术给制作诚意的
风蚀蘑菇,4,2019-07-12 23:45:01,出乎意料的不错是一种工业水平上的优秀特效在我看过的3d动画里算最好的那档那个水的视效跟迪斯尼比也不怵剧情流畅先插科打诨后燃笑点套路但我周围观众都很买账演出节奏一气呵成尤其是最后的4人大战看起来非常过瘾最后煽情升华那段有点像大圣流浪地球就是主旨很简单但配上宏大音乐就非常通俗容易共情那种燃美中不足就是前半段轻松搞笑触动不了我让我一开始以为这是一个类似沙僧日记的恶搞片但看到后半段哪吒学成后才发现它其实更像悟空传哪吒故事的整个灵魂或者说经典元素是被提炼后融入新故事中的甚至改了以后原作中逻辑不通的地方都能解释得通了比如李靖为何如此严厉古板哪吒和敖丙究竟多大仇要打成那样而核心的哪吒的冤屈和反叛是有的哪吒和敖丙也太偷摸大鸡了佐鸣小鱼儿与花无缺暗黑龙宫也有趣
不甜的旺仔,5,2019-07-22 08:18:14,呜呜我爱哪吒他太可爱了他和敖丙太配了吧
木石子,4,2019-07-19 12:21:46,剧情有点意思与传统意义上的哪吒闹海不一样有创新但无处不在的其他影视文化痕迹实在让人出戏据不完全统计里面有七龙珠平克弗洛伊德神笔马良大圣归来西游降魔篇三维弹球封神榜等等所以这是致敬还是生拼硬凑
诸葛若见,5,2019-07-24 10:06:15,很好看耶重构了传说意料之外的情节打斗场面很燃太乙师徒有笑点父子情有泪点与敖丙的友情有热血点
基尔,3,2019-07-19 22:38:36,感觉期待太高不过也不能说不好水准的确也是在大圣白蛇级别的故事讲的通顺了主要个人很不喜欢主角京妞铁T哪吒和四川油腻相声演员太乙真人里面笑点大多数都是周星驰式的笑点如花梗磕巴梗屎尿屁梗哪吒到结尾还是觉得很讨人厌
突然粉碎,3,2019-07-19 19:23:58,没什么原创性谈不上多惊喜不闹海的吃藕哪吒看着有点闹心自我陶醉的段子怕是要和隔壁银河补习班牵手对后续封神故事兴味索然烟熏妆小哪吒像是从僵尸新娘怪兽电力公司里走出来的殷夫人怕是套用了白蛇缘起小白的建模申公豹不就是结巴版乌木喉灵珠附体的敖丙和变身后的哪吒还算养眼但是没看到帅气的小哥哥牵手搞基我很不开心
如小果,5,2019-07-26 17:49:18,看完觉得很骄傲哈哈
羽子令,4,2019-08-05 17:51:52,一定要让恶的学善善的学恶这才是冰与火之歌我相信画者一定脑中有原型否则不会出现一看到哪吒的牙我的眼前就会浮起王宝强的笑还有敖丙的巨型棒棒糖很招人喜欢
德川咪咪,5,2019-07-27 14:53:53,也太好看了吧
JOJOORCZ,3,2019-07-18 21:35:51,感觉看了部动画版的中期周星驰电影很多笑点有即视感制作和节奏不错但是我确实不吃这样表达的父子情和友情大圣最后那种激昂感更好些
马,4,2019-07-12 22:13:02,35整体挺喜欢的是抛开情怀之类近年最喜欢的一部国产动画因为剧情很完整改编也很合理是真的花功夫了但是说一下不喜欢的2点吧1其实正片没有预告骗那么成人向但是里面那些笑点啥的都旧是1998年那会的网络语境的笑点2不太喜欢拿口吃和汉子女声作梗
SleepingBruce,4,2019-07-20 21:14:12,83个人觉得整体水准已经能够算入皮克斯中流这次是用反英雄的内核重新解构传统神话故事虽然打破成见做自己之类的主题内容在类型文本中已不鲜见但哪吒有着流畅的节奏把控清晰的情绪刻画以及鲜明的角色定位所以它的剧作依旧不失为一个成熟的类型动画范本而制作者对于各式类型元素的娴熟运用更是令人惊艳国产动画早已克服了技术上的难关而如今终于在艺术上重回巅峰初入江山社稷图海边夕阳踢毽还有最后的混元入星相好几处场景设计都能称得上是奇观动作分镜的出彩也毋须多言不管怎么样作为一部国产动画这部作品都值得人们的赞誉而不只是所谓的鼓励
helenharris,4,2019-08-20 17:24:33,完成度高的背离原作精神的AU同人
橘猫爱吃鱼,4,2019-07-23 09:39:16,画质和特效都不错国漫还是值得期待的
竹棘,5,2019-07-19 15:27:09,看了点映爆笑爆虐又爆燃后半程狂哭不止好看的动画电影真的是文化宝藏联想到京阿尼的火灾损失了那么多原画和人才损失了未来本应现世的优秀作品心态又崩了哭得更凶
凡若尘,2,2019-07-29 03:17:53,15星貌似我是打分最低的真的不喜欢比我打了一星的那几部电影稍微好点吧国产片塑造人物性格有个像道德绑架一样的套路喜欢通过个别事例以偏概全的塑造人物性格这部尤其如此朋友间反目成仇的剧情龙族为何是反派都缺乏铺垫但是硬要把敖丙塑造成一个夹在正反派之间左右为难的人不觉得很可笑吗不觉得到后来因为朋友情师兄弟情正反派之间的界限更模糊了吗再来说说备受好评的个人意识护子心切的父母对徒弟爱恨交加的师傅统统都是正面的反而饱受折磨的乡亲没有交待来由却成了反派的龙族却是反面形象当我们受不了电影院胡闹的小孩为什么反过来为凭借个人意识去扰乱村庄的哪吒叫好要知道哪吒起初被拘束是因为她的扰乱的乡亲的生活越到结尾高潮我反而越平静影片的三观和人设彻底证实了我的判断
八月槎,5,2019-07-25 16:28:48,当年看大圣归来的感觉又复苏了现在中国动漫终于不用羡慕梦工厂皮克斯了
Lee,1,2019-08-02 06:09:30,7分已经是对国漫的褒奖了瞎吹瞎捧个啥玩意浪费百来块钱视效有进步笑点低趣适合女生及12岁以下儿童观看
VeryGZ,2,2019-07-29 10:38:48,714卢米埃还是很低幼抖机灵台词更无法接受现在看来依旧能给大鱼4星的理由可能只因它不喜剧
S,2,2019-07-30 00:40:16,民众只是背景板我习惯了人物和关系简直是敷衍优质的港产喜剧是不屑滥用这样低俗的梗的不要侮辱当代了操也不要侮辱绝代双骄
不脱袜子同学,4,2019-07-14 17:46:26,听到某神仙的川普突然想到了一个梗就是真正的四川人是分不清娜扎和哪吒的哈哈哈亲情线很动人但是金吒和木吒去哪儿啦有颠覆有创新挺精致的
巴伐利酒神,4,2019-08-01 14:48:13,哪吒恶童的出身和Hellboy的套路太像了吧封神榜那么多妖魔鬼怪你要拍一个三界版复联么看预告片下作是姜子牙倒是更期待杨戬呢前提是这个系列继续下去
Juillet,3,2019-07-29 15:58:43,改编不是不可以但我认为删去哪吒断臂剖腹剜肠剔骨还于父母的情节就等于删去了哪吒这个神话人物最深层次的立意骨肉可以还给你人格精神永远独立电影想颂扬的是一种普世价值观近年来流行的我命由我精神很可贵然而如若能从另一个维度去讨论亲子关系我认为更能彰显哪吒这一人物的独特性
sTillLife,4,2019-07-13 18:27:29,在大圣归来和大鱼海棠时没看到的国漫希望终于在这一部看到了该有的视觉效果想象力主题和力度都有了脱离了哪吒闹海的悲情与重生魔童哪吒对抗偏见与命运的改编少了几分艺术性但也有商业化的动人之处好莱坞式的搞怪和浓重的家庭主题必将此片推向暑期档爆款结尾三个彩蛋是时候祭出封神榜这个大IP了
ChrisKirk,4,2019-07-14 21:49:00,电影始终基于角色对立而构建典型如哪吒魔丸与敖丙灵珠申公豹与太乙真人人物都暗含了某种双生性类似阴阳整体而言能够从人物身上追踪到善与恶的一体两面的衍生状态以此为突破口化解传统强硬的二元对立观念但就局部看来个体虽试图抛开此种限制与束缚而在父权色彩浓重的大环境下当李靖与龙王两种截然不同的管理模式针锋相对也就不可避免地对角色造成一种隐蔽的伤害李夫人的改编有一定缓和效果乐观地说从更为宏观的视角上看这种伤害中似乎能窥见一丝封建制度的发展模式哪吒帅爆了
狂狷的ET抖S,4,2019-07-20 19:04:41,哪吒x熬丙我磕到昏迷自古红蓝是cp
六隐,5,2019-07-26 23:29:56,我不想吹毛求疵鸡蛋里挑骨头就是喜欢多加一星支持中国动画人
麻绳,4,2019-08-07 21:15:07,这个导演对喜剧的理解和节奏把握都蛮好也很懂观众想要什么可贵的是这种懂很原生同样的机关算尽反而不显得那么刻意缺点是笑料有点堆砌到后来就麻木了不过我这把年纪已经接受不到那种虚妄的少年热血激情了泪点对我也是不存在的
孟小扬,5,2019-07-27 00:00:21,哪吒既然是三公子那金吒和木吒呢
阁楼上的猫,5,2019-07-27 05:57:26,我算是看明白了国外的动画就算没东西也得给你过度解读出来2000字90的评分不喜欢也得5星对于国内就是先把有色眼镜带上钉到耻辱柱上一顿挑毛病仿佛说你要一口吃不成胖子就不要选择进步
闻言,5,2019-07-19 21:15:50,瑕不掩瑜老少通吃暗搓搓的核心思想还是很毒的
大密度蓝,2,2019-07-31 22:08:30,对近年来爆款影视的整合主角和群像人设上照搬我不是药神和流浪地球配乐还要仿一点权力的游戏甚至能够想象创作团队在玩拼贴洗稿的时候就已经坚信这部片子一定能爆上加爆的狂喜的样子可是特效再进步暴发户的内核还是那么浅显可以预见的是这部电影越成功越会促使更多人去复制这条捷径观众什么时候能像抛弃咪蒙一样抛弃这种图像爆款呢我不知道但我知道未来很长一段时间我们都要继续忍受这样的良心
影随茵动,4,2019-08-03 18:44:30,豁牙大裆裤出口爱押韵又垮又不忿外表叛逆实则柔软怎么看怎么就是大张伟可惜现实哪里有什么我命由我不由天从孙悟空到哪吒总要有一些精神图腾来对抗残酷的现实每个人都有自己的位置对于冷眼旁观者来说良善的虚伪总得好过赤裸裸的真实其实故事的内核不如前年的大护法但一定比大护法受欢迎
Goodlife07,4,2019-07-14 17:32:38,视效很棒完全没预告那样严肃整体延续创作者一贯的无厘头的搞笑风仙人别嘴的四川普通话女声尖叫的村民笑死人如果说只是笑过后存没存有一点精髓当然有没有人能定义自己是谁只有自己知道
已注销,5,2019-08-03 22:15:05,山河社稷图当空间斩用不愧是太乙救苦天尊那个乾坤圈是金箍客串的吧拿武力颜值换智商的debuff道具藕饼真香
已注销,4,2019-07-20 21:21:43,不知真相地愚民环境和千古一寸的原生传统家庭哪一个更逼死人哪吒插浑打科的小儿形象颠覆经典动画敖丙翩翩公子世无双稳压本场颜当人心偏颇最为可怕没有绝对的邪与正魔与灵贪婪的欲望才是绝对的
孟三哥,4,2019-07-19 21:19:38,丑哪吒越看越cute太乙真人形象又颠覆又饱满连申公豹都很有角色特点打戏画面流畅度真的很不错如果结尾处理好点就完美了
刘学浩,3,2019-07-26 21:07:33,期待太高落差巨大开头石子划破夫人脸很快就没了哪吒出来的时候地上明明有个坑很快又没了一般人抱不动那个莲花这俩球随便就能手握么cp大战的时候怎么不早再次解开圈呢把圈变手镯是不是太方便了一点那早干嘛去了雷劈的时候上面都打那么热闹了为什么太乙真人一直在看戏老头不是白内障吗最后放电闪好了吗整个陈塘关都炸成那样了没人死吗
Dionysus,1,2019-08-10 15:45:43,道德化的超级英雄1分
加路,3,2019-07-27 12:30:12,整部电影最不行的就是剧作了命运两个字仅仅是魔丸所赋予的话就还是太浅薄了制作不错
Irgendwie,5,2019-07-30 08:56:42,Thisisjusttoogay
席缪,4,2019-07-20 19:42:47,没想到有生之年还能吃到敖丙和哪吒的CP你们对得起天国的莲花菇凉么哪吒魔化了有点像红孩儿所以李靖484也被绿了特效比大鱼海棠还要炸裂目估成本在3亿左右感觉回本应该没问题剧本虽然还有很多缺陷有些3d的部分还有些僵硬但已经整体无限接近梦工厂了另外最近的国漫总给人一种老式的美国西部片感觉各种约翰福特的变种
风满蜃气楼,5,2019-07-21 20:21:24,45很不错矛盾冲突激烈情节设置巧妙笑点也足太乙真人是四川人吗最可悲的是你拼尽一切改变命运却仍然不可能改变人心的成见你痛恨的人你却担负拯救他们的使命那些朝你下跪对你忏悔的人很容易又会对你群起攻之他人的看法是个屁但确实会压垮人心画卷里的欢乐谷很牛逼哦视效赞期待下一部
未注销,3,2019-07-13 19:24:29,哪吒之绝代双骄视觉效果动作场面不成问题努力制造的笑料刻意且老套哪吒是改魔敖丙是魔改剧情缺乏新意数不清几次被料到了走向仨彩蛋后两个是哪吒2姜子牙期待封神宇宙
清晏,5,2019-07-23 23:13:03,79年哪吒闹海里那句爹爹你的骨肉我还给你说的是战天斗地的英雄冲破命运束缚时的义无反顾19年哪吒里那句爹娘我不连累你也说的是英雄但他底气里不再是毅然决然反而弥漫着找不到自我又不甘就范的焦虑不安它们都抓准了各自的时代脉搏因而也很难谈出个高低贵贱来导演很爱惜自己的角色呀很多导演处理反派或者说坏角色尤其功能性很强的坏角色的时候很容易去满足套路或者说观众的期许比如敖丙那个角色很容易在哐哐哐一顿特效里完全沦为货真价实的大反派但他不但没有还提升了这个角色的弧光
飞鸟凉,4,2019-07-18 22:27:02,可能会是暑期档后劲很足的一部电影制作和剧作上的完成度都很高而且把这个古早的故事无论在表现形式上还是内核上都改得比较现代喜欢江山社稷图和投影猪喜剧元素运用的足够通俗讨喜太乙真人的四川话真可爱亲切哪吒和敖丙的cp不就是冰与火之歌吗亲情友情热血个人成长我命由我不由天的情感点都是颇能引起共情的卖点主角的人设也比较微妙看起来是反叛魔童其实也是在渴望被主流接纳打的是偏见与孤独这些情感点如果结尾的哪吒宣言能收一些就好了就不吼什么国漫崛起的大喇叭了总之个人觉得比大圣归来好看娱乐性强门槛不高市场接受度会不错
苏起没小雨,3,2019-07-18 21:27:40,周星驰梗的再次演绎导演是看了多少次的功夫和少林足球才能把梗用的这么明显说好算不上但也算不上差动作场面也有进步想象力也够丰富了但编剧水平还是中国动画的短板综合的看还是带着一个拍小品的思维来拍动画片这个毛病在哪里都能找到另外说美感的事情从故事本身来讲还是觉得原版哪吒脑海更有美感
Roooooolls,3,2019-07-27 19:37:12,请把那些一点也不好笑的桥段删光OK
已注销,5,2019-07-28 19:54:31,哭两次笑10次哪吒妈妈一手鸡腿一手大饼就值得好评了感动我的两个地方哪吒从一开始的他们说我是妖怪我便要做个妖怪给他们看这种失望的消极堕落到我是什么我自己说了算自此变强大万龙甲是沉重的家族寄托哪吒是自己唯一的朋友敖丙拿来o哪吒挡天雷万龙甲的毁掉代表内心家族束缚终于摆脱
Palefire,3,2019-07-17 21:44:25,7分除了首次在国产动画电影里看到了一个相对完整的剧本以外无惊喜虽然在整个国产环境下拿出一个流畅的故事已经比较难得但是从工业制作层面来说和一些好动画相比差距仍然存在so不差我这一个鼓励分
张劳动,4,2019-07-27 17:36:33,哪吒之魔童转世已验推荐除了技术上的成熟最重要的一点是价值观的提升原先哪吒在人们印象中的嫉恶如仇略显单薄现在的人物设置和反转立的住而且更加耐人寻味这比技术上的提升更让观众看好中国的动画片的发展用朋友的话就是高级
月球漫舞者,4,2019-07-21 19:39:44,四星鼓励分红蓝又出一cp技术层面已经没有什么大问题了整体牺牲哪吒故事深度换观感整体还算成功但是还是太多细节需要打磨
宗原,4,2019-07-18 21:40:26,人心的成见是一座大山虽然我不喜欢周星驰的西游降魔但我尊重他重构的孙悟空都2019了难道还得把神话人物形象一言堂化隔壁银河学前班进来看看同样是讲父子情人所谓的动画片就是比你高出几十个段位
勾陈,3,2019-07-29 19:54:11,废燃打破成见的口号谁都会喊但哪吒究竟打破了什么成见呢他一直想要取得所有人的认同但他没有意识到少数群体只有足够优秀才配得到多数群体的认同这本身就是对少数群体最大的成见更何况一部号称打破成见的电影多次把对同性恋的成见当作笑料太讽刺了
yuan,2,2019-07-27 00:33:38,想给这个哪吒打一针安定
逋,2,2019-08-09 17:26:50,全片看完对顶着黑眼圈的哪吒小朋友也没有真香眼花缭乱混时长的武打太多段子也无聊两星给人设ps什么时候不再纠结国产动画什么时候崛起了可能国产动画才真的崛起了吧
火枪手吱吱,3,2019-07-20 21:37:47,6封建时代的神话故事中哪吒无疑是最具反叛精神的一位他和托塔李靖之间统治反抗的复杂关系决绝的弑父倾向使其成为君为臣纲父为子纲的体制外异端从青少年哪吒到少女哪吒每一次银幕形象的演变都不改反父君权的核心特质国漫版大刀阔斧地改编了父子关系大打骨肉相连温情牌更符合大众审美期待导演说改掉原著割肉还父是为了减少血腥成分其实丧失了个人意志和东方伦理相悖的悲怆感改编好坏见仁见智也许如今更需要的是一个被阉割的英雄
狐不悔,5,2019-07-27 21:08:45,好看好想带儿子看啊
Sechnuphis,2,2019-07-29 21:28:52,制作精良立意愚昧风格杂糅趣味俗滥剧情僵硬台词空洞配音尴尬现在真不是没技术是没脑子和心倒是正适合如今的观众又说明代许仲琳还知道个骨肉交还无相干碍现在全成了三纲五常真是儒学千古未有的盛世哈
大书桌,4,2019-07-27 18:21:46,台词未免过分接地气了
团小纸,4,2019-07-26 09:04:35,动画做成不易这样的质量足以留名影史了虽然我更爱那个削骨削肉的叛逆子现在过于日漫ending也算时代流行好的动画人还是希望能得到更多支持想想京阿尼且看且珍惜
我爱罗宾,4,2019-07-18 22:21:13,改编的故事太喜欢了中国古典文学这些超级英雄早就应该这么拍了要啥有啥影厅里大人孩子都特别开心这才是真正的好电影
XS0530,2,2019-07-13 20:59:44,看完仔细想了想可能确实有点对动画电影挑剔过度视觉效果画面人物形象设计等方面该片已经达到了国漫顶尖水准不过就个人角度而言对这种类型的动画实在是没什么感觉剧情散漫杂乱配音演员的声音让人感觉出戏谈不上烂只能说很难有代入感吧
咯咯精,3,2019-07-30 16:31:08,虽然画面技术挺好春晚小品式的包袱写抖法这究竟是哪吒还是孙悟空我命由我不由天哈哈哈我要这天再遮不住我眼要这地再埋不了我心要这众生都明白我意要那诸佛都烟消云散cp挺成立禁忌种族美颜大乱斗生生世世杰克苏
jagpumpkin,2,2019-07-30 11:54:23,作为故事新编是流畅的作为同人是OOC的既已至此为什么还要披着哪吒的皮呢干脆全都原创来个Gorillaz恶童成长反正内核都欧美化了也可以来个灵丸魔丸版小鱼儿与花无缺不啊既没有哪吒悲壮割舍灵童反骨的一面又没有小鱼儿与花无缺的双生成长借助台词祭出个价值观难道不是电影最低下的表现力吗敖丙就是个秀气好看单薄的龙偶还不如其他龙族低俗的部分就不谈了别借着迎合市场说很多细节和设定可以看出创作人员的一贯趣味大家如果真笑得开心那就是一场愉快的交易虽然动作场面不错但混天绫缺乏飘逸感风火轮非常Scooter作为欧式审美是合格的但从艺术成就真不如2D老版好的我也不想比可你为什么叫哪吒
undefined,4,2019-08-03 16:36:16,哪吒从画轴里跳出来百姓惶恐不安反派打算以百姓为代价换取成功古人云泽国江山入战图生民何计乐樵苏谁道沧江总无事近来长共血争流此之谓欤啥
levitating,4,2019-07-20 16:59:20,剧作很工整不比迪士尼差多少不要当成哪吒是一个相当出色的工业产品
炎夏,4,2019-07-28 21:51:04,笑点低廉技术扎实逻辑走心有支点人物设定有维度不极端剧情脉络行止有度审美偏近商业我给7神仙的自我修养那里明显有周星驰的痕迹踢毽子打墙却无法与如来神掌解毒相提并论而这还只是导演审美力走偏的百分之一例哪吒的塑造倾投中二杀马特方向敖丙的塑造则过于薄弱且偶像化配合全片廉价而网络化的笑点若不意在圈钱就只能理解为导演太想成功的执念若追求如此最快捷就是堆资源造星可偏偏它还想成为什么崛起希望假若干年底裤不保莫怪年轻人
tricia,1,2019-08-08 10:10:52,抖的包袱实在是太恶俗了两个小时的电影远不及79动画里割肉剔骨的一秒特效能越做越逼真角色里的人性却越来越虚浮
刘十九,5,2019-08-04 00:47:58,太好看惹无论技术还是故事都这么优秀国漫牛啤哪有什么灵珠和魔丸就活出个人样吧看完后问男朋友哪吒要靠莲花重生敖丙怎么办男朋友他可以用海草重生这个创意送给导演了
我爱阳光月心,5,2019-07-29 16:09:03,非常好同时也非常好看打破了我心目中哪咤固有的熊孩儿形象成了一个叛逆不失温情的血肉丰满的少年人物造型很棒特效和配音感觉也很好天劫那一段的对白与双亲的感情戏泪如雨下从头到尾被剧情紧紧抓住没有出过戏社稷图如果用上千里江山图就更好了白白赔上了一条命傻不傻我的命就是用来给这些作陪的啊
琥珀糖,4,2019-07-26 15:10:51,不傻谁和你做朋友好喜欢敖丙龙族也太可怜了哪吒的配音真是败笔哪怕找个小孩来配呀
WilliamOsborne,4,2019-07-26 21:15:27,这部的技术可以让近年来号称国漫崛起的片子们老脸一红了前期抖了太多低俗包袱导致后期来不及给剧情冲突人物转变更多的空间补充好在高潮实属惊艳响亮的口号也把片子想灌输给观众的东西传达到位自古红蓝出CP坐等后续两位同框作战封神宇宙值得期待与鼓励
有鱼,5,2019-07-19 11:54:55,20亿打底
汝大狐耶梦加得,5,2019-08-08 19:17:52,我觉得挺好的现阶段来讲没毛病了节奏好不拖沓比饺子当年的片子是好多了233333情节元素加得可以说是克制了声音和音响设计明显高出这几年国产动画电影一截人设之类都能在剧情里自圆其说只要不要太原旨于古典哪吒故事就能享受这个片子
发条饺子,4,2019-08-09 09:19:48,当年参加父母皆祸害小组的孩子们艳羡着我命由我不由天的劲道尬笑着接受了胖子结巴和娘娘腔在磕磕绊绊中完成了与原生家庭的和解如今的孩子们一边对他人的偏见如芒在背一边嘲笑剧中人失了削骨削肉的志气记忆中的ip也伴随着那代人学着打破魔灵善恶的边界打破成见慢慢理解不能理解的世故
一l~M了河,4,2019-07-17 21:35:19,所有的偏都伴S著歧所有的歧都成榱税粤璧慕蹇谂f瓶b新酒借著哪吒f霸凌只可惜F里]有那N多哪吒能打那些霸凌者更多的哪吒只能一身痕甚至遭受著PTSD的折磨只能祝福他成槭颤N拥娜苏娴哪苡伤自己Q定
crusader,1,2019-08-01 22:48:22,粗俗过了
李大米,5,2019-07-26 17:43:09,吹爆巨好看从头到尾完成度很高的作品充满灵气值得去看赶紧把封神榜宇宙建起来真的比西游记好玩多了
别的熊,4,2019-07-31 22:29:04,哭了几次其实我是带着偏见来看的那一类观众因为听说自刎剔骨都没有了我相信有很多人并不会明白哪吒对某一类小孩的象征意义原来世上还有这样一条路了解我家庭的弟弟悲哀地对我说但这并不是什么好榜样啊连他也不懂哪吒对我的精神鼓舞可开头李靖和夫人护崽那幕一出来我就哭了不知道有多少和我一样一而再再而三被最亲近的人视作异类怪物不知道他们又是不是都憧憬过这样的父母我能接受所谓父慈子孝因为我一直觉得世上有一个被爱的小孩也是好的我也明白为什么要动我们的哪吒呢为什么不干脆原创因为小时候的意象也给我过力量千言万语总之新的哪吒有新的命运如果我曾是哪吒我们也曾是哪吒希望长大了拥有了自身力量的我们也去创造更好的命运吧
钒,5,2019-07-26 16:54:01,他是我儿看完电影想起李靖夫妇就想哭这几年爆款动画电影最佳整体非常流畅想象力丰富动作戏流畅虽然也有些烂俗的笑点但是还是有很多创新的地方人物塑造鲜明很好的把控了各个人物看完了仍记忆犹新矛盾点也控制的很好社会舆论的导向影响个人命运论家族与责任主题虽然多元但是点到了感情线写的很好人物的感情能够打动观众多亏了这扎实的剧本后半段哭成泪人结尾收的太快太草率45彩蛋设置的很调皮期待姜子牙
罗夏,3,2019-07-26 21:43:41,下映前暂不评价希望都去看
林西拿,4,2019-08-02 16:50:47,其是小孩殚LH罪的故事哪吒困境的本|是被`解@_始於太乙真人的疏忽又因父母o瑕陪伴哪吒被化槿鄣墓肢F後砀改赣蒙埔獾闹e言擅自作主延危C的到淼哪吒始K需要自面Π傩盏骋獍奖t生砭捅划作C器砼囵B目的在於提升父的A完成傅的嗔ΨD他得如同修道士般禁j甚至f出了曰诎蛇@踊督教意味的台~很奇怪哪吒得知真相後瞬g就通粤舜蟮览砥┤缑\和自我之拯救了全部人之N也恕了父母背後道理似中家庭的哲W只要子女成了功什N都好f所有怨恨都可以一P勾N
JoeyLu陆柏宇,5,2019-07-27 00:30:54,全程核能的丧味儿又硬核的哪吒不仅毁了我的童年又颠覆了我的童年真他妈的香
草原上的马,5,2019-07-29 18:57:04,哪吒实际参与制作人员超过1600人全片有5000多个镜头用了全国20多个特效团队主创团队设计了100多版哪吒的形象哪吒配音演员失声了一个月角色仅面部就有近一千个细节点不谈电影本身我只为这些数据打五星
战国客,5,2019-07-31 00:01:32,配音出戏之外一切棒棒的是真的高质量
山水烟花,5,2019-07-13 11:10:58,相信我忍住哪吒的样子你绝对会一路真香这是我第一次觉得国漫的故事真的有好好在讲无论是李靖夫妇传统意义上的严父慈母哪吒敖丙关于大义私欲之间的生死选择亦或是主题天命由我不由天我主我心都诠释的淋漓尽致细节扎实信息量丰富人物生动情绪到位甚至还有不少俏皮话和彩蛋这一次不削骨还父削肉还母的小魔童爱了爱了
韧勉,4,2019-08-01 22:57:08,老家新开的电影院三十块钱包3D就是那种邪典动画巫毒娃娃的感觉最后非常政治正确人定胜天命运要靠自我奋斗三观太正
Bn,4,2019-08-02 12:25:20,整体故事的完成度比较高包括配角塑造也比较立体讲的是偏见但却用偏见的角度把结巴娘炮做成几个主笑点三番五次的出现让人有点不舒适之外作品的态度还是紧跟时代升华了一下
书剑两无成荒堂,4,2019-07-30 23:39:57,无疑是很不错很好看的动画片啦可是是一个关于种族歧视身份认同警黑合作的故事吗主角是怎么就逆天改命了呢没看见多少个人努力完全是胎里带来的牛逼加意志的胜利这是最大的弱点几次误会太牵强全靠围观群众不明真相是其次申公豹的存在比较机械降神相比而言元始天尊甩掉了许多锅对正邪不两立天庭不偏安的解构究竟是不是主题的一部分搞得很暧昧敖丙小哥哥的故事告诉我们小朋友不能养得太听话你那么想做好孩子那很简单哇把大坏蛋申公豹杀了就好了四川口音是灵魂
看不见我,4,2019-08-01 08:44:48,有很多似曾相识的笑点令人在电影院瞬间捧腹但不能再看第二遍太乙真人的云普喜感足这个角色是贯穿全场的亮点对于娘娘腔大汉的梗比较反感出现次数过多人物造型提气但还是有种中日文化交流的感觉尤其是哪吒一摘乾坤圈变身我还以为超级赛亚人来了剧情走向没有太大波折但善与恶的探索令人耳目一新这是西方动画永远缺少的反思最后俩人都变成了手办
MoArEly,2,2019-07-25 14:56:09,一般吧你们吹过了
Flipped244,3,2019-07-27 08:53:27,制作还行配乐优秀但核心剧情总觉得像是一拳打在棉花上逻辑禁不起细推主旨和具体内容不贴群像稍差立意没有立起来看完感觉有点莫名的不舒服ps我觉得大藕霸动态没有小藕霸亮眼pps殷十娘真好啊555亲情线太好哭了ppps藕霸和敖丙的初遇蛮搞笑的不瞒你说我们藕霸其实是这部影片的搞笑担当www
